policy,target_coverage,n,n_auto_classified,n_deferred,coverage,deferral_rate,auto_accuracy,selective_risk,total_errors,errors_accepted,errors_deferred,error_capture_fraction,correct_unnecessarily_deferred,deferred_set_error_precision,auto_accuracy_sd,selective_risk_sd,error_capture_fraction_sd
raw_confidence,0.5,1576.0,788.0,788.0,0.5,0.5,0.817258883248731,0.18274111675126903,458.0,144.0,314.0,0.6855895196506551,474.0,0.39847715736040606,,,
raw_confidence,0.6,1576.0,946.0,630.0,0.600253807106599,0.399746192893401,0.7949260042283298,0.20507399577167018,458.0,194.0,264.0,0.5764192139737991,366.0,0.41904761904761906,,,
raw_confidence,0.7,1576.0,1103.0,473.0,0.6998730964467005,0.3001269035532995,0.7833182230281052,0.21668177697189483,458.0,239.0,219.0,0.4781659388646288,254.0,0.4630021141649049,,,
raw_confidence,0.8,1576.0,1261.0,315.0,0.8001269035532995,0.1998730964467005,0.7620935765265662,0.23790642347343377,458.0,300.0,158.0,0.34497816593886466,157.0,0.5015873015873016,,,
raw_confidence,0.9,1576.0,1418.0,158.0,0.899746192893401,0.10025380710659898,0.7404795486600846,0.25952045133991536,458.0,368.0,90.0,0.1965065502183406,68.0,0.569620253164557,,,
raw_confidence,0.95,1576.0,1497.0,79.0,0.9498730964467005,0.05012690355329949,0.7267869071476286,0.2732130928523714,458.0,409.0,49.0,0.10698689956331878,30.0,0.620253164556962,,,
raw_confidence,1.0,1576.0,1576.0,0.0,1.0,0.0,0.7093908629441624,0.2906091370558376,458.0,458.0,0.0,0.0,0.0,,,,
raw_margin,0.5,1576.0,788.0,788.0,0.5,0.5,0.8439086294416244,0.15609137055837563,458.0,123.0,335.0,0.7314410480349345,453.0,0.4251269035532995,,,
raw_margin,0.6,1576.0,946.0,630.0,0.600253807106599,0.399746192893401,0.8298097251585623,0.17019027484143764,458.0,161.0,297.0,0.648471615720524,333.0,0.4714285714285714,,,
raw_margin,0.7,1576.0,1103.0,473.0,0.6998730964467005,0.3001269035532995,0.8041704442429737,0.1958295557570263,458.0,216.0,242.0,0.5283842794759825,231.0,0.5116279069767442,,,
raw_margin,0.8,1576.0,1261.0,315.0,0.8001269035532995,0.1998730964467005,0.7692307692307693,0.23076923076923078,458.0,291.0,167.0,0.3646288209606987,148.0,0.5301587301587302,,,
raw_margin,0.9,1576.0,1418.0,158.0,0.899746192893401,0.10025380710659898,0.7404795486600846,0.25952045133991536,458.0,368.0,90.0,0.1965065502183406,68.0,0.569620253164557,,,
raw_margin,0.95,1576.0,1497.0,79.0,0.9498730964467005,0.05012690355329949,0.7234468937875751,0.27655310621242485,458.0,414.0,44.0,0.09606986899563319,35.0,0.5569620253164557,,,
raw_margin,1.0,1576.0,1576.0,0.0,1.0,0.0,0.7093908629441624,0.2906091370558376,458.0,458.0,0.0,0.0,0.0,,,,
raw_negative_entropy,0.5,1576.0,788.0,788.0,0.5,0.5,0.7880710659898477,0.21192893401015228,458.0,167.0,291.0,0.6353711790393013,497.0,0.36928934010152287,,,
raw_negative_entropy,0.6,1576.0,946.0,630.0,0.600253807106599,0.399746192893401,0.773784355179704,0.226215644820296,458.0,214.0,244.0,0.5327510917030568,386.0,0.3873015873015873,,,
raw_negative_entropy,0.7,1576.0,1103.0,473.0,0.6998730964467005,0.3001269035532995,0.7615593834995467,0.2384406165004533,458.0,263.0,195.0,0.425764192139738,278.0,0.41226215644820297,,,
raw_negative_entropy,0.8,1576.0,1261.0,315.0,0.8001269035532995,0.1998730964467005,0.7486122125297383,0.2513877874702617,458.0,317.0,141.0,0.3078602620087336,174.0,0.44761904761904764,,,
raw_negative_entropy,0.9,1576.0,1418.0,158.0,0.899746192893401,0.10025380710659898,0.7334273624823695,0.26657263751763044,458.0,378.0,80.0,0.17467248908296942,78.0,0.5063291139240507,,,
raw_negative_entropy,0.95,1576.0,1497.0,79.0,0.9498730964467005,0.05012690355329949,0.7274549098196392,0.2725450901803607,458.0,408.0,50.0,0.1091703056768559,29.0,0.6329113924050633,,,
raw_negative_entropy,1.0,1576.0,1576.0,0.0,1.0,0.0,0.7093908629441624,0.2906091370558376,458.0,458.0,0.0,0.0,0.0,,,,
raw_transient_mass,0.5,1576.0,788.0,788.0,0.5,0.5,0.7893401015228426,0.21065989847715735,458.0,166.0,292.0,0.6375545851528385,496.0,0.37055837563451777,,,
raw_transient_mass,0.6,1576.0,946.0,630.0,0.600253807106599,0.399746192893401,0.7727272727272727,0.22727272727272727,458.0,215.0,243.0,0.5305676855895196,387.0,0.38571428571428573,,,
raw_transient_mass,0.7,1576.0,1103.0,473.0,0.6998730964467005,0.3001269035532995,0.7588395285584769,0.2411604714415231,458.0,266.0,192.0,0.4192139737991266,281.0,0.4059196617336152,,,
raw_transient_mass,0.8,1576.0,1261.0,315.0,0.8001269035532995,0.1998730964467005,0.746233148295004,0.253766851704996,458.0,320.0,138.0,0.30131004366812225,177.0,0.4380952380952381,,,
raw_transient_mass,0.9,1576.0,1418.0,158.0,0.899746192893401,0.10025380710659898,0.732722143864598,0.26727785613540195,458.0,379.0,79.0,0.17248908296943233,79.0,0.5,,,
raw_transient_mass,0.95,1576.0,1497.0,79.0,0.9498730964467005,0.05012690355329949,0.72812291249165,0.27187708750835005,458.0,407.0,51.0,0.11135371179039301,28.0,0.6455696202531646,,,
raw_transient_mass,1.0,1576.0,1576.0,0.0,1.0,0.0,0.7093908629441624,0.2906091370558376,458.0,458.0,0.0,0.0,0.0,,,,
raw_conditional_transient_max,0.5,1576.0,788.0,788.0,0.5,0.5,0.8223350253807107,0.17766497461928935,458.0,140.0,318.0,0.6943231441048034,470.0,0.4035532994923858,,,
raw_conditional_transient_max,0.6,1576.0,946.0,630.0,0.600253807106599,0.399746192893401,0.8002114164904862,0.19978858350951373,458.0,189.0,269.0,0.5873362445414847,361.0,0.42698412698412697,,,
raw_conditional_transient_max,0.7,1576.0,1103.0,473.0,0.6998730964467005,0.3001269035532995,0.7805983680870353,0.21940163191296463,458.0,242.0,216.0,0.47161572052401746,257.0,0.45665961945031713,,,
raw_conditional_transient_max,0.8,1576.0,1261.0,315.0,0.8001269035532995,0.1998730964467005,0.7620935765265662,0.23790642347343377,458.0,300.0,158.0,0.34497816593886466,157.0,0.5015873015873016,,,
raw_conditional_transient_max,0.9,1576.0,1418.0,158.0,0.899746192893401,0.10025380710659898,0.7376586741889986,0.2623413258110014,458.0,372.0,86.0,0.18777292576419213,72.0,0.5443037974683544,,,
raw_conditional_transient_max,0.95,1576.0,1497.0,79.0,0.9498730964467005,0.05012690355329949,0.7274549098196392,0.2725450901803607,458.0,408.0,50.0,0.1091703056768559,29.0,0.6329113924050633,,,
raw_conditional_transient_max,1.0,1576.0,1576.0,0.0,1.0,0.0,0.7093908629441624,0.2906091370558376,458.0,458.0,0.0,0.0,0.0,,,,
calibrated_confidence,0.5,1576.0,788.0,788.0,0.5,0.5,0.8388324873096447,0.16116751269035534,458.0,127.0,331.0,0.722707423580786,457.0,0.4200507614213198,,,
calibrated_confidence,0.6,1576.0,946.0,630.0,0.600253807106599,0.399746192893401,0.8171247357293869,0.1828752642706131,458.0,173.0,285.0,0.6222707423580786,345.0,0.4523809523809524,,,
calibrated_confidence,0.7,1576.0,1103.0,473.0,0.6998730964467005,0.3001269035532995,0.7914777878513146,0.2085222121486854,458.0,230.0,228.0,0.4978165938864629,245.0,0.4820295983086681,,,
calibrated_confidence,0.8,1576.0,1261.0,315.0,0.8001269035532995,0.1998730964467005,0.7660586835844568,0.23394131641554322,458.0,295.0,163.0,0.3558951965065502,152.0,0.5174603174603175,,,
calibrated_confidence,0.9,1576.0,1418.0,158.0,0.899746192893401,0.10025380710659898,0.7383638928067701,0.2616361071932299,458.0,371.0,87.0,0.18995633187772926,71.0,0.5506329113924051,,,
calibrated_confidence,0.95,1576.0,1497.0,79.0,0.9498730964467005,0.05012690355329949,0.7274549098196392,0.2725450901803607,458.0,408.0,50.0,0.1091703056768559,29.0,0.6329113924050633,,,
calibrated_confidence,1.0,1576.0,1576.0,0.0,1.0,0.0,0.7093908629441624,0.2906091370558376,458.0,458.0,0.0,0.0,0.0,,,,
calibrated_margin,0.5,1576.0,788.0,788.0,0.5,0.5,0.8413705583756346,0.15862944162436549,458.0,125.0,333.0,0.7270742358078602,455.0,0.42258883248730966,,,
calibrated_margin,0.6,1576.0,946.0,630.0,0.600253807106599,0.399746192893401,0.8245243128964059,0.17547568710359407,458.0,166.0,292.0,0.6375545851528385,338.0,0.4634920634920635,,,
calibrated_margin,0.7,1576.0,1103.0,473.0,0.6998730964467005,0.3001269035532995,0.8041704442429737,0.1958295557570263,458.0,216.0,242.0,0.5283842794759825,231.0,0.5116279069767442,,,
calibrated_margin,0.8,1576.0,1261.0,315.0,0.8001269035532995,0.1998730964467005,0.767644726407613,0.232355273592387,458.0,293.0,165.0,0.36026200873362446,150.0,0.5238095238095238,,,
calibrated_margin,0.9,1576.0,1418.0,158.0,0.899746192893401,0.10025380710659898,0.7397743300423131,0.26022566995768687,458.0,369.0,89.0,0.1943231441048035,69.0,0.5632911392405063,,,
calibrated_margin,0.95,1576.0,1497.0,79.0,0.9498730964467005,0.05012690355329949,0.7234468937875751,0.27655310621242485,458.0,414.0,44.0,0.09606986899563319,35.0,0.5569620253164557,,,
calibrated_margin,1.0,1576.0,1576.0,0.0,1.0,0.0,0.7093908629441624,0.2906091370558376,458.0,458.0,0.0,0.0,0.0,,,,
calibrated_negative_entropy,0.5,1576.0,788.0,788.0,0.5,0.5,0.8096446700507615,0.19035532994923857,458.0,150.0,308.0,0.6724890829694323,480.0,0.39086294416243655,,,
calibrated_negative_entropy,0.6,1576.0,946.0,630.0,0.600253807106599,0.399746192893401,0.7843551797040169,0.2156448202959831,458.0,204.0,254.0,0.5545851528384279,376.0,0.4031746031746032,,,
calibrated_negative_entropy,0.7,1576.0,1103.0,473.0,0.6998730964467005,0.3001269035532995,0.7688123300090662,0.23118766999093382,458.0,255.0,203.0,0.4432314410480349,270.0,0.42917547568710357,,,
calibrated_negative_entropy,0.8,1576.0,1261.0,315.0,0.8001269035532995,0.1998730964467005,0.7549563838223632,0.24504361617763679,458.0,309.0,149.0,0.32532751091703055,166.0,0.473015873015873,,,
calibrated_negative_entropy,0.9,1576.0,1418.0,158.0,0.899746192893401,0.10025380710659898,0.736953455571227,0.2630465444287729,458.0,373.0,85.0,0.185589519650655,73.0,0.5379746835443038,,,
calibrated_negative_entropy,0.95,1576.0,1497.0,79.0,0.9498730964467005,0.05012690355329949,0.7254509018036072,0.2745490981963928,458.0,411.0,47.0,0.10262008733624454,32.0,0.5949367088607594,,,
calibrated_negative_entropy,1.0,1576.0,1576.0,0.0,1.0,0.0,0.7093908629441624,0.2906091370558376,458.0,458.0,0.0,0.0,0.0,,,,
calibrated_transient_mass,0.5,1576.0,788.0,788.0,0.5,0.5,0.7893401015228426,0.21065989847715735,458.0,166.0,292.0,0.6375545851528385,496.0,0.37055837563451777,,,
calibrated_transient_mass,0.6,1576.0,946.0,630.0,0.600253807106599,0.399746192893401,0.7801268498942917,0.21987315010570824,458.0,208.0,250.0,0.5458515283842795,380.0,0.3968253968253968,,,
calibrated_transient_mass,0.7,1576.0,1103.0,473.0,0.6998730964467005,0.3001269035532995,0.7588395285584769,0.2411604714415231,458.0,266.0,192.0,0.4192139737991266,281.0,0.4059196617336152,,,
calibrated_transient_mass,0.8,1576.0,1261.0,315.0,0.8001269035532995,0.1998730964467005,0.7478191911181602,0.2521808088818398,458.0,318.0,140.0,0.3056768558951965,175.0,0.4444444444444444,,,
calibrated_transient_mass,0.9,1576.0,1418.0,158.0,0.899746192893401,0.10025380710659898,0.7334273624823695,0.26657263751763044,458.0,378.0,80.0,0.17467248908296942,78.0,0.5063291139240507,,,
calibrated_transient_mass,0.95,1576.0,1497.0,79.0,0.9498730964467005,0.05012690355329949,0.72812291249165,0.27187708750835005,458.0,407.0,51.0,0.11135371179039301,28.0,0.6455696202531646,,,
calibrated_transient_mass,1.0,1576.0,1576.0,0.0,1.0,0.0,0.7093908629441624,0.2906091370558376,458.0,458.0,0.0,0.0,0.0,,,,
predicted_class_rate,0.5,1576.0,788.0,788.0,0.5,0.5,0.8604060913705583,0.13959390862944163,458.0,110.0,348.0,0.759825327510917,440.0,0.4416243654822335,,,
predicted_class_rate,0.6,1576.0,946.0,630.0,0.600253807106599,0.399746192893401,0.8625792811839323,0.13742071881606766,458.0,130.0,328.0,0.7161572052401747,302.0,0.5206349206349207,,,
predicted_class_rate,0.7,1576.0,1103.0,473.0,0.6998730964467005,0.3001269035532995,0.8349954669084315,0.16500453309156846,458.0,182.0,276.0,0.6026200873362445,197.0,0.5835095137420718,,,
predicted_class_rate,0.8,1576.0,1261.0,315.0,0.8001269035532995,0.1998730964467005,0.7985725614591594,0.2014274385408406,458.0,254.0,204.0,0.44541484716157204,111.0,0.6476190476190476,,,
predicted_class_rate,0.9,1576.0,1418.0,158.0,0.899746192893401,0.10025380710659898,0.7581100141043724,0.24188998589562766,458.0,343.0,115.0,0.25109170305676853,43.0,0.7278481012658228,,,
predicted_class_rate,0.95,1576.0,1497.0,79.0,0.9498730964467005,0.05012690355329949,0.7294589178356713,0.27054108216432865,458.0,405.0,53.0,0.11572052401746726,26.0,0.6708860759493671,,,
predicted_class_rate,1.0,1576.0,1576.0,0.0,1.0,0.0,0.7093908629441624,0.2906091370558376,458.0,458.0,0.0,0.0,0.0,,,,
learned_shape,0.5,1576.0,788.0,788.0,0.5,0.5,0.8578680203045685,0.14213197969543148,458.0,112.0,346.0,0.7554585152838428,442.0,0.43908629441624364,,,
learned_shape,0.6,1576.0,946.0,630.0,0.600253807106599,0.399746192893401,0.8393234672304439,0.160676532769556,458.0,152.0,306.0,0.6681222707423581,324.0,0.4857142857142857,,,
learned_shape,0.7,1576.0,1103.0,473.0,0.6998730964467005,0.3001269035532995,0.8068902991840435,0.1931097008159565,458.0,213.0,245.0,0.5349344978165939,228.0,0.5179704016913319,,,
learned_shape,0.8,1576.0,1261.0,315.0,0.8001269035532995,0.1998730964467005,0.7771609833465504,0.22283901665344966,458.0,281.0,177.0,0.3864628820960699,138.0,0.5619047619047619,,,
learned_shape,0.9,1576.0,1418.0,158.0,0.899746192893401,0.10025380710659898,0.7454160789844851,0.2545839210155148,458.0,361.0,97.0,0.21179039301310043,61.0,0.6139240506329114,,,
learned_shape,0.95,1576.0,1497.0,79.0,0.9498730964467005,0.05012690355329949,0.7294589178356713,0.27054108216432865,458.0,405.0,53.0,0.11572052401746726,26.0,0.6708860759493671,,,
learned_shape,1.0,1576.0,1576.0,0.0,1.0,0.0,0.7093908629441624,0.2906091370558376,458.0,458.0,0.0,0.0,0.0,,,,
learned_full,0.5,1576.0,788.0,788.0,0.5,0.5,0.916243654822335,0.08375634517766498,458.0,66.0,392.0,0.8558951965065502,396.0,0.49746192893401014,,,
learned_full,0.6,1576.0,946.0,630.0,0.600253807106599,0.399746192893401,0.8921775898520085,0.10782241014799154,458.0,102.0,356.0,0.777292576419214,274.0,0.5650793650793651,,,
learned_full,0.7,1576.0,1103.0,473.0,0.6998730964467005,0.3001269035532995,0.8531278331822303,0.1468721668177697,458.0,162.0,296.0,0.6462882096069869,177.0,0.6257928118393234,,,
learned_full,0.8,1576.0,1261.0,315.0,0.8001269035532995,0.1998730964467005,0.8104678826328311,0.1895321173671689,458.0,239.0,219.0,0.4781659388646288,96.0,0.6952380952380952,,,
learned_full,0.9,1576.0,1418.0,158.0,0.899746192893401,0.10025380710659898,0.7637517630465445,0.23624823695345556,458.0,335.0,123.0,0.2685589519650655,35.0,0.7784810126582279,,,
learned_full,0.95,1576.0,1497.0,79.0,0.9498730964467005,0.05012690355329949,0.7374749498997996,0.2625250501002004,458.0,393.0,65.0,0.14192139737991266,14.0,0.8227848101265823,,,
learned_full,1.0,1576.0,1576.0,0.0,1.0,0.0,0.7093908629441624,0.2906091370558376,458.0,458.0,0.0,0.0,0.0,,,,
oracle_reference,0.5,1576.0,788.0,788.0,0.5,0.5,1.0,0.0,458.0,0.0,458.0,1.0,330.0,0.5812182741116751,,,
oracle_reference,0.6,1576.0,946.0,630.0,0.600253807106599,0.399746192893401,1.0,0.0,458.0,0.0,458.0,1.0,172.0,0.726984126984127,,,
oracle_reference,0.7,1576.0,1103.0,473.0,0.6998730964467005,0.3001269035532995,1.0,0.0,458.0,0.0,458.0,1.0,15.0,0.9682875264270613,,,
oracle_reference,0.8,1576.0,1261.0,315.0,0.8001269035532995,0.1998730964467005,0.8865979381443299,0.1134020618556701,458.0,143.0,315.0,0.6877729257641921,0.0,1.0,,,
oracle_reference,0.9,1576.0,1418.0,158.0,0.899746192893401,0.10025380710659898,0.7884344146685472,0.21156558533145275,458.0,300.0,158.0,0.34497816593886466,0.0,1.0,,,
oracle_reference,0.95,1576.0,1497.0,79.0,0.9498730964467005,0.05012690355329949,0.7468269873079493,0.2531730126920508,458.0,379.0,79.0,0.17248908296943233,0.0,1.0,,,
oracle_reference,1.0,1576.0,1576.0,0.0,1.0,0.0,0.7093908629441624,0.2906091370558376,458.0,458.0,0.0,0.0,0.0,,,,
random_mean,0.5,1576.0,788.0,788.0,0.5,0.5,0.7095406091370559,0.29045939086294414,458.0,228.882,229.118,0.5002576419213974,558.882,0.29075888324873095,0.011383255662979966,0.011383255662979966,0.019585164765127103
random_mean,0.6,1576.0,946.0,630.0,0.6002538071065988,0.3997461928934011,0.7097632135306553,0.2902367864693446,458.0,274.564,183.436,0.4005152838427948,446.564,0.2911682539682539,0.009646272626371513,0.009646272626371511,0.019924397171500983
random_mean,0.7,1576.0,1103.0,473.0,0.6998730964467004,0.3001269035532994,0.7087978241160472,0.29120217588395286,458.0,321.196,136.804,0.2986986899563319,336.196,0.28922621564482026,0.007349819186835551,0.007349819186835549,0.017700547080959847
random_mean,0.8,1576.0,1261.0,315.0,0.8001269035532999,0.19987309644670054,0.7094226804123709,0.2905773195876288,458.0,366.418,91.582,0.19996069868995633,223.418,0.2907365079365079,0.0058570079454353845,0.005857007945435383,0.016125954190379946
random_mean,0.9,1576.0,1418.0,158.0,0.8997461928934012,0.10025380710659901,0.7095119887165022,0.2904880112834979,458.0,411.912,46.088,0.10062882096069871,111.912,0.2916962025316456,0.003638373894641901,0.003638373894641901,0.0112646597873411
random_mean,0.95,1576.0,1497.0,79.0,0.9498730964467001,0.050126903553299504,0.7092879091516366,0.29071209084836336,458.0,435.196,22.804,0.04979039301310044,56.196,0.2886582278481012,0.0025722213342974933,0.0025722213342974907,0.008407457068653586
random_mean,1.0,1576.0,1576.0,0.0,1.0,0.0,0.7093908629441625,0.2906091370558377,458.0,458.0,0.0,0.0,0.0,,1.111334915764742e-16,1.111334915764742e-16,0.0
