oid,classifier_version
ZTF21aaewexx,hierarchical_rf_1.1.0
ZTF25aairenk,lc_classifier_1.1.13
ZTF22aauuxul,hierarchical_rf_1.1.0
ZTF23abhafym,hierarchical_rf_1.1.0
ZTF24abqldco,lc_classifier_1.1.13
ZTF23aaqmfgs,hierarchical_rf_1.1.0
ZTF19acygjgx,hierarchical_rf_1.1.0
ZTF22aalsbwt,hierarchical_rf_1.1.0
ZTF19acelcan,hierarchical_rf_1.1.0
ZTF23aaaboss,hierarchical_rf_1.1.0
ZTF20acoyyly,hierarchical_rf_1.1.0
ZTF21abhthvj,hierarchical_rf_1.1.0
ZTF21aaqzkhx,hierarchical_rf_1.1.0
ZTF18aasdted,hierarchical_rf_1.1.0
ZTF19abimlck,hierarchical_rf_1.1.0
ZTF20actpuan,hierarchical_rf_1.1.0
ZTF18aamzgzi,hierarchical_rf_1.1.0
ZTF22abnuakd,hierarchical_rf_1.1.0
ZTF19abuonnx,hierarchical_rf_1.1.0
ZTF19abvalfd,hierarchical_rf_1.1.0
ZTF19aavkhuy,hierarchical_rf_1.1.0
ZTF21aaphvyi,hierarchical_rf_1.1.0
ZTF22abgawlh,hierarchical_rf_1.1.0
ZTF20acsesce,hierarchical_rf_1.1.0
ZTF22abatsyj,hierarchical_rf_1.1.0
ZTF19abgrcxs,hierarchical_rf_1.1.0
ZTF20achkgng,hierarchical_rf_1.1.0
ZTF19aavlnjz,hierarchical_rf_1.1.0
ZTF20acxzkkf,hierarchical_rf_1.1.0
ZTF19aaoyech,hierarchical_rf_1.1.0
ZTF18acaezsx,hierarchical_rf_1.1.0
ZTF18aajivpr,hierarchical_rf_1.1.0
ZTF19acrdqej,hierarchical_rf_1.1.0
ZTF22absqvgm,hierarchical_rf_1.1.0
ZTF20abnrdse,hierarchical_rf_1.1.0
ZTF21aaqpykm,hierarchical_rf_1.1.0
ZTF20aaivvwa,hierarchical_rf_1.1.0
ZTF22abizgac,hierarchical_rf_1.1.0
ZTF19abvhduf,hierarchical_rf_1.1.0
ZTF23aabmevr,hierarchical_rf_1.1.0
ZTF22aaoidkm,hierarchical_rf_1.1.0
ZTF25aaxeojh,lc_classifier_1.1.13
ZTF20abswjae,hierarchical_rf_1.1.0
ZTF22aaoewrn,hierarchical_rf_1.1.0
ZTF18acptgzz,hierarchical_rf_1.1.0
ZTF21abdlrpr,hierarchical_rf_1.1.0
ZTF23aawmbkn,hierarchical_rf_1.1.0
ZTF23abfroaw,hierarchical_rf_1.1.0
ZTF20acberbd,hierarchical_rf_1.1.0
ZTF21acionva,hierarchical_rf_1.1.0
ZTF22aaemgsl,hierarchical_rf_1.1.0
ZTF18adathpb,hierarchical_rf_1.1.0
ZTF20aaurfcm,hierarchical_rf_1.1.0
ZTF23aagphxh,hierarchical_rf_1.1.0
ZTF23abhshea,hierarchical_rf_1.1.0
ZTF21aasufxv,hierarchical_rf_1.1.0
ZTF21abimejj,hierarchical_rf_1.1.0
ZTF23aaoxngr,hierarchical_rf_1.1.0
ZTF25aaugeir,lc_classifier_1.1.13
ZTF20abavxpk,hierarchical_rf_1.1.0
ZTF20aauwjmw,hierarchical_rf_1.1.0
ZTF22aallgci,hierarchical_rf_1.1.0
ZTF19aceuacu,hierarchical_rf_1.1.0
ZTF20abahhml,hierarchical_rf_1.1.0
ZTF23aaxpfpa,hierarchical_rf_1.1.0
ZTF19aaptzar,hierarchical_rf_1.1.0
ZTF18acsofdh,hierarchical_rf_1.1.0
ZTF22aahiyfc,hierarchical_rf_1.1.0
ZTF19acctpgd,hierarchical_rf_1.1.0
ZTF20abxezim,hierarchical_rf_1.1.0
ZTF21aaqdxzv,hierarchical_rf_1.1.0
ZTF22abfvzqg,hierarchical_rf_1.1.0
ZTF19aamjvie,hierarchical_rf_1.1.0
ZTF23aaajtan,hierarchical_rf_1.1.0
ZTF22abaiyyz,hierarchical_rf_1.1.0
ZTF21abtgbwr,hierarchical_rf_1.1.0
ZTF18ablqlzp,hierarchical_rf_1.1.0
ZTF25aceilra,lc_classifier_1.1.13
ZTF21aaskyvp,hierarchical_rf_1.1.0
ZTF19abfvovo,hierarchical_rf_1.1.0
ZTF19aboxjlj,hierarchical_rf_1.1.0
ZTF24abamger,lc_classifier_1.1.13
ZTF18aavvnzu,hierarchical_rf_1.1.0
ZTF18aaxkjmm,hierarchical_rf_1.1.0
ZTF23abcsrwv,hierarchical_rf_1.1.0
ZTF20aanaibf,hierarchical_rf_1.1.0
ZTF22abamnmb,hierarchical_rf_1.1.0
ZTF21aaogifb,hierarchical_rf_1.1.0
ZTF19abvgwvp,hierarchical_rf_1.1.0
ZTF19abauzma,hierarchical_rf_1.1.0
ZTF18aakiwbs,hierarchical_rf_1.1.0
ZTF20aazdsjr,hierarchical_rf_1.1.0
ZTF21achxlkq,hierarchical_rf_1.1.0
ZTF22aaudeny,hierarchical_rf_1.1.0
ZTF23abfmlft,hierarchical_rf_1.1.0
ZTF22absiyyk,hierarchical_rf_1.1.0
ZTF21aaxvrva,hierarchical_rf_1.1.0
ZTF22abyjewt,hierarchical_rf_1.1.0
ZTF19aamhhgu,hierarchical_rf_1.1.0
ZTF18abfgygp,hierarchical_rf_1.1.0
ZTF20abghgix,lc_classifier_1.1.13
ZTF19aavoiyc,hierarchical_rf_1.1.0
ZTF20acexvcz,hierarchical_rf_1.1.0
ZTF21aaasxel,hierarchical_rf_1.1.0
ZTF21aagkhwf,hierarchical_rf_1.1.0
ZTF21abprzfg,hierarchical_rf_1.1.0
ZTF19aanuhox,hierarchical_rf_1.1.0
ZTF20aaxxhib,hierarchical_rf_1.1.0
ZTF20abmbycd,hierarchical_rf_1.1.0
ZTF19acbkyma,hierarchical_rf_1.1.0
ZTF22abfvxlz,hierarchical_rf_1.1.0
ZTF22aalyumh,hierarchical_rf_1.1.0
ZTF18acsohut,hierarchical_rf_1.1.0
ZTF20aadfyjl,hierarchical_rf_1.1.0
ZTF21aapowty,hierarchical_rf_1.1.0
ZTF21abtuutw,hierarchical_rf_1.1.0
ZTF22abfjlue,hierarchical_rf_1.1.0
ZTF20acmfacr,hierarchical_rf_1.1.0
ZTF24abnbcpd,lc_classifier_1.1.13
ZTF19abnktws,hierarchical_rf_1.1.0
ZTF19aalzmio,hierarchical_rf_1.1.0
ZTF23aapksof,hierarchical_rf_1.1.0
ZTF21aarhnwn,hierarchical_rf_1.1.0
ZTF20abyskia,hierarchical_rf_1.1.0
ZTF21abcpazz,hierarchical_rf_1.1.0
ZTF19accmboe,hierarchical_rf_1.1.0
ZTF23abbczlg,hierarchical_rf_1.1.0
ZTF18abimsyv,hierarchical_rf_1.1.0
ZTF21aarskup,hierarchical_rf_1.1.0
ZTF21aaxyecd,hierarchical_rf_1.1.0
ZTF20abywpkl,hierarchical_rf_1.1.0
ZTF22aakethm,hierarchical_rf_1.1.0
ZTF21abbliav,hierarchical_rf_1.1.0
ZTF20acqelhh,hierarchical_rf_1.1.0
ZTF20abzetdf,hierarchical_rf_1.1.0
ZTF23abaactr,hierarchical_rf_1.1.0
ZTF21abaevgu,hierarchical_rf_1.1.0
ZTF21aajvtsq,hierarchical_rf_1.1.0
ZTF24aadlwsg,lc_classifier_1.1.13
ZTF22abyivov,hierarchical_rf_1.1.0
ZTF25aaqsnsq,lc_classifier_1.1.13
ZTF22abnoofs,hierarchical_rf_1.1.0
ZTF24aahicbz,lc_classifier_1.1.13
ZTF20acwomqh,hierarchical_rf_1.1.0
ZTF23aafwvek,hierarchical_rf_1.1.0
ZTF21abdcauj,hierarchical_rf_1.1.0
ZTF21aciouwz,hierarchical_rf_1.1.0
ZTF21acjgqjl,hierarchical_rf_1.1.0
ZTF19abnkrcd,hierarchical_rf_1.1.0
ZTF23abfxxod,hierarchical_rf_1.1.0
ZTF20abeolsw,hierarchical_rf_1.1.0
ZTF20acuosvy,hierarchical_rf_1.1.0
ZTF20abjbiqf,hierarchical_rf_1.1.0
ZTF19aanejfr,hierarchical_rf_1.1.0
ZTF19abhzdjp,hierarchical_rf_1.1.0
ZTF22abfspdz,hierarchical_rf_1.1.0
ZTF21aazsgyr,hierarchical_rf_1.1.0
ZTF23abankea,hierarchical_rf_1.1.0
ZTF25aaklxxk,lc_classifier_1.1.13
ZTF21acasrer,hierarchical_rf_1.1.0
ZTF19abfibel,hierarchical_rf_1.1.0
ZTF24abrfsap,lc_classifier_1.1.13
ZTF18aavrwhu,hierarchical_rf_1.1.0
ZTF20actoakx,hierarchical_rf_1.1.0
ZTF22aadedjt,hierarchical_rf_1.1.0
ZTF20aafrjqw,hierarchical_rf_1.1.0
ZTF22aadfcnz,hierarchical_rf_1.1.0
ZTF18abxhaop,hierarchical_rf_1.1.0
ZTF20acoqlrd,hierarchical_rf_1.1.0
ZTF18abqyaix,hierarchical_rf_1.1.0
ZTF20aabcouv,hierarchical_rf_1.1.0
ZTF21aagogqe,hierarchical_rf_1.1.0
ZTF20acpkled,hierarchical_rf_1.1.0
ZTF19abdyawn,hierarchical_rf_1.1.0
ZTF19abotfag,hierarchical_rf_1.1.0
ZTF22abkisoc,hierarchical_rf_1.1.0
ZTF20acumcrz,hierarchical_rf_1.1.0
ZTF20aamaqak,hierarchical_rf_1.1.0
ZTF20abuojuw,hierarchical_rf_1.1.0
ZTF18abdcudb,hierarchical_rf_1.1.0
ZTF23abaalvd,hierarchical_rf_1.1.0
ZTF19aarfnto,hierarchical_rf_1.1.0
ZTF22abfwbgr,hierarchical_rf_1.1.0
ZTF22abeioig,hierarchical_rf_1.1.0
ZTF18abdiwpt,hierarchical_rf_1.1.0
ZTF25abacyxb,lc_classifier_1.1.13
ZTF22aarwpcf,hierarchical_rf_1.1.0
ZTF25aanxipy,lc_classifier_1.1.13
ZTF22abiymsf,hierarchical_rf_1.1.0
ZTF21abwxext,hierarchical_rf_1.1.0
ZTF20aamknxn,hierarchical_rf_1.1.0
ZTF22aaylnhq,hierarchical_rf_1.1.0
ZTF23abvzhwa,lc_classifier_1.1.13
ZTF19aaobwpx,hierarchical_rf_1.1.0
ZTF20aawoojh,hierarchical_rf_1.1.0
ZTF21abbsbov,hierarchical_rf_1.1.0
ZTF19aaupkev,hierarchical_rf_1.1.0
ZTF22aadpgmo,hierarchical_rf_1.1.0
ZTF20abgevcw,hierarchical_rf_1.1.0
ZTF23abiearq,hierarchical_rf_1.1.0
ZTF19aamaeve,hierarchical_rf_1.1.0
ZTF23aahxsrk,hierarchical_rf_1.1.0
ZTF18aaxcfbt,hierarchical_rf_1.1.0
ZTF21aaqqlfw,hierarchical_rf_1.1.0
ZTF19aaxyukr,hierarchical_rf_1.1.0
ZTF19abpbvsk,hierarchical_rf_1.1.0
ZTF20achatyv,hierarchical_rf_1.1.0
ZTF21acojncf,hierarchical_rf_1.1.0
ZTF19aauhwbp,hierarchical_rf_1.1.0
ZTF23aalsied,hierarchical_rf_1.1.0
ZTF19acwrqtv,hierarchical_rf_1.1.0
ZTF20acxvvnf,hierarchical_rf_1.1.0
ZTF20acbovrt,hierarchical_rf_1.1.0
ZTF21aarwlht,hierarchical_rf_1.1.0
ZTF19acxphhl,hierarchical_rf_1.1.0
ZTF20acoyfpk,hierarchical_rf_1.1.0
ZTF21abmqpja,hierarchical_rf_1.1.0
ZTF21acgxwlz,hierarchical_rf_1.1.0
ZTF19acgjojy,hierarchical_rf_1.1.0
ZTF20achptde,hierarchical_rf_1.1.0
ZTF19abjslyw,hierarchical_rf_1.1.0
ZTF21aaahzpr,hierarchical_rf_1.1.0
ZTF25abyobbm,lc_classifier_1.1.13
ZTF22abolsys,hierarchical_rf_1.1.0
ZTF18abrfccm,hierarchical_rf_1.1.0
ZTF20abgfekk,hierarchical_rf_1.1.0
ZTF24abkgfqo,lc_classifier_1.1.13
ZTF22aafffpq,hierarchical_rf_1.1.0
ZTF20abpuyau,hierarchical_rf_1.1.0
ZTF20abccojn,hierarchical_rf_1.1.0
ZTF20acwozwz,hierarchical_rf_1.1.0
ZTF24abrezqh,lc_classifier_1.1.13
ZTF19aawyepw,hierarchical_rf_1.1.0
ZTF22aaolexr,hierarchical_rf_1.1.0
ZTF21acjjxww,hierarchical_rf_1.1.0
ZTF20acgpqqr,hierarchical_rf_1.1.0
ZTF23aazskaz,hierarchical_rf_1.1.0
ZTF19abcejoa,hierarchical_rf_1.1.0
ZTF23aasovdv,hierarchical_rf_1.1.0
ZTF19aaraxhh,hierarchical_rf_1.1.0
ZTF20aafcgca,hierarchical_rf_1.1.0
ZTF19aaklqod,hierarchical_rf_1.1.0
ZTF23aavugvk,hierarchical_rf_1.1.0
ZTF22abbiqoi,hierarchical_rf_1.1.0
ZTF25aatzejc,lc_classifier_1.1.13
ZTF21aakbgpf,hierarchical_rf_1.1.0
ZTF20aaifkyj,hierarchical_rf_1.1.0
ZTF20aaurucm,hierarchical_rf_1.1.0
ZTF21abljmmv,hierarchical_rf_1.1.0
ZTF18aafdigb,hierarchical_rf_1.1.0
ZTF18aawmeiw,hierarchical_rf_1.1.0
ZTF21abbzqvv,hierarchical_rf_1.1.0
ZTF21aciuhyy,hierarchical_rf_1.1.0
ZTF23abhzlbh,hierarchical_rf_1.1.0
ZTF24abqkitr,lc_classifier_1.1.13
ZTF19abgafkt,hierarchical_rf_1.1.0
ZTF23aakidwn,hierarchical_rf_1.1.0
ZTF21aatyplr,hierarchical_rf_1.1.0
ZTF21aarigsr,hierarchical_rf_1.1.0
ZTF19adbsfpf,hierarchical_rf_1.1.0
ZTF20abmzfql,hierarchical_rf_1.1.0
ZTF24aalndou,lc_classifier_1.1.13
ZTF20absvwdh,hierarchical_rf_1.1.0
ZTF21aaxsnvk,hierarchical_rf_1.1.0
ZTF22abbkxor,hierarchical_rf_1.1.0
ZTF21abybnni,hierarchical_rf_1.1.0
ZTF21absvlrr,hierarchical_rf_1.1.0
ZTF20aahqcup,hierarchical_rf_1.1.0
ZTF20aciugdl,hierarchical_rf_1.1.0
ZTF20abtfnpl,hierarchical_rf_1.1.0
ZTF22abhvfio,hierarchical_rf_1.1.0
ZTF20abfqeef,hierarchical_rf_1.1.0
ZTF21abmspkq,hierarchical_rf_1.1.0
ZTF18abbvsiv,hierarchical_rf_1.1.0
ZTF22abspgzy,hierarchical_rf_1.1.0
ZTF20aavqfli,hierarchical_rf_1.1.0
ZTF21aakvrgb,hierarchical_rf_1.1.0
ZTF25abwhfuq,lc_classifier_1.1.13
ZTF22aaffaah,hierarchical_rf_1.1.0
ZTF18acrdmmw,hierarchical_rf_1.1.0
ZTF19acyfkbf,hierarchical_rf_1.1.0
ZTF22abmicob,hierarchical_rf_1.1.0
ZTF19abhpvfq,hierarchical_rf_1.1.0
ZTF21acjcrzd,hierarchical_rf_1.1.0
ZTF20abeqsrm,hierarchical_rf_1.1.0
ZTF19acojuzv,hierarchical_rf_1.1.0
ZTF21ackrvob,hierarchical_rf_1.1.0
ZTF23abgqzhi,hierarchical_rf_1.1.0
ZTF20abgakbv,hierarchical_rf_1.1.0
ZTF23aamzucf,hierarchical_rf_1.1.0
ZTF21aciialn,hierarchical_rf_1.1.0
ZTF24abmpzmg,lc_classifier_1.1.13
ZTF23abjtozz,hierarchical_rf_1.1.0
ZTF22abyaood,hierarchical_rf_1.1.0
ZTF19aaurxsa,hierarchical_rf_1.1.0
ZTF23abgspvs,hierarchical_rf_1.1.0
ZTF21aamjgfp,hierarchical_rf_1.1.0
ZTF21aaampui,hierarchical_rf_1.1.0
ZTF21accfbyj,hierarchical_rf_1.1.0
ZTF22abszapf,hierarchical_rf_1.1.0
ZTF21aawyyha,hierarchical_rf_1.1.0
ZTF20acnyxln,hierarchical_rf_1.1.0
ZTF23abijnsm,hierarchical_rf_1.1.0
ZTF19aamooex,hierarchical_rf_1.1.0
ZTF21acjotip,hierarchical_rf_1.1.0
ZTF21aaugbus,hierarchical_rf_1.1.0
ZTF22aayfpso,hierarchical_rf_1.1.0
ZTF22abhfwmr,hierarchical_rf_1.1.0
ZTF24abxxfzd,lc_classifier_1.1.13
ZTF22aamtomc,hierarchical_rf_1.1.0
ZTF21aabhqng,hierarchical_rf_1.1.0
ZTF19abkrlew,lc_classifier_1.1.13
ZTF22abghgca,hierarchical_rf_1.1.0
ZTF21abfxjik,hierarchical_rf_1.1.0
ZTF19aaphmto,hierarchical_rf_1.1.0
ZTF19abyjjxp,hierarchical_rf_1.1.0
ZTF23aavujng,hierarchical_rf_1.1.0
ZTF20acwqlpq,hierarchical_rf_1.1.0
ZTF22abgawhn,hierarchical_rf_1.1.0
ZTF21abrxoir,hierarchical_rf_1.1.0
ZTF19aanydko,hierarchical_rf_1.1.0
ZTF23abgvtxr,hierarchical_rf_1.1.0
ZTF18acrlmvt,hierarchical_rf_1.1.0
ZTF24aaiowju,lc_classifier_1.1.13
ZTF19abuhlxk,hierarchical_rf_1.1.0
ZTF18acbxmvy,hierarchical_rf_1.1.0
ZTF19achejoc,hierarchical_rf_1.1.0
ZTF19aabyuze,hierarchical_rf_1.1.0
ZTF22abevcjl,hierarchical_rf_1.1.0
ZTF25aciguje,lc_classifier_1.1.13
ZTF20acgnrqu,hierarchical_rf_1.1.0
ZTF21abvyxfs,hierarchical_rf_1.1.0
ZTF18aawjywv,hierarchical_rf_1.1.0
ZTF19abxjimu,hierarchical_rf_1.1.0
ZTF23aavxosl,hierarchical_rf_1.1.0
ZTF18aajpjdi,hierarchical_rf_1.1.0
ZTF20aaeujsk,hierarchical_rf_1.1.0
ZTF24abifqbz,lc_classifier_1.1.13
ZTF24aaoniol,lc_classifier_1.1.13
ZTF21acgupte,hierarchical_rf_1.1.0
ZTF20abzpxxu,hierarchical_rf_1.1.0
ZTF23abhxbjo,hierarchical_rf_1.1.0
ZTF23abjpcza,hierarchical_rf_1.1.0
ZTF21abvvuhm,hierarchical_rf_1.1.0
ZTF22aadephk,hierarchical_rf_1.1.0
ZTF21accuexh,hierarchical_rf_1.1.0
ZTF18acbxsge,hierarchical_rf_1.1.0
ZTF21aalimtr,hierarchical_rf_1.1.0
ZTF21abcgxwy,hierarchical_rf_1.1.0
ZTF25abidcdj,lc_classifier_1.1.13
ZTF21abdthxn,hierarchical_rf_1.1.0
ZTF20aauowam,hierarchical_rf_1.1.0
ZTF19aayjqpa,hierarchical_rf_1.1.0
ZTF18acwutbr,hierarchical_rf_1.1.0
ZTF23aaejvzv,hierarchical_rf_1.1.0
ZTF20acoqpbg,hierarchical_rf_1.1.0
ZTF23aaqqeri,hierarchical_rf_1.1.0
ZTF19acjjwsy,hierarchical_rf_1.1.0
ZTF19aaqhelq,hierarchical_rf_1.1.0
ZTF22abmjdfo,hierarchical_rf_1.1.0
ZTF18aatgdph,hierarchical_rf_1.1.0
ZTF23aarvrvd,hierarchical_rf_1.1.0
ZTF24aaakprs,lc_classifier_1.1.13
ZTF20ackdkva,hierarchical_rf_1.1.0
ZTF23aaizjbj,hierarchical_rf_1.1.0
ZTF20aaactgu,hierarchical_rf_1.1.0
ZTF22ablhldn,hierarchical_rf_1.1.0
ZTF23aaznywn,hierarchical_rf_1.1.0
ZTF20accsfkt,hierarchical_rf_1.1.0
ZTF21abrotmc,hierarchical_rf_1.1.0
ZTF23abaxkwq,hierarchical_rf_1.1.0
ZTF19aaomkvl,hierarchical_rf_1.1.0
ZTF19acuymeu,hierarchical_rf_1.1.0
ZTF20accxzmn,hierarchical_rf_1.1.0
ZTF19ablusdf,hierarchical_rf_1.1.0
ZTF19aajxwnz,hierarchical_rf_1.1.0
ZTF20acnrphs,hierarchical_rf_1.1.0
ZTF21abvicne,hierarchical_rf_1.1.0
ZTF22aboixdd,hierarchical_rf_1.1.0
ZTF19aaphntn,hierarchical_rf_1.1.0
ZTF20acwkvgj,hierarchical_rf_1.1.0
ZTF24aahdfsy,lc_classifier_1.1.13
ZTF19acmbhvv,hierarchical_rf_1.1.0
ZTF19aalveag,hierarchical_rf_1.1.0
ZTF18aaxqyki,hierarchical_rf_1.1.0
ZTF22aalwnzj,hierarchical_rf_1.1.0
ZTF22aajhkvu,hierarchical_rf_1.1.0
ZTF22abgiayt,hierarchical_rf_1.1.0
ZTF21acigjrl,hierarchical_rf_1.1.0
ZTF21acbfyew,lc_classifier_1.1.13
ZTF23abetodb,hierarchical_rf_1.1.0
ZTF24abnoldv,lc_classifier_1.1.13
ZTF18abpamut,hierarchical_rf_1.1.0
ZTF21aardybv,hierarchical_rf_1.1.0
ZTF20abeimho,hierarchical_rf_1.1.0
ZTF22aatnyqk,hierarchical_rf_1.1.0
ZTF21acjxsrf,hierarchical_rf_1.1.0
ZTF21abukrln,hierarchical_rf_1.1.0
ZTF20aaetvkh,hierarchical_rf_1.1.0
ZTF21aaabviz,hierarchical_rf_1.1.0
ZTF21aalekwo,hierarchical_rf_1.1.0
ZTF21abceehu,hierarchical_rf_1.1.0
ZTF23abmewfr,hierarchical_rf_1.1.0
ZTF18abiczpm,hierarchical_rf_1.1.0
ZTF21aarjczf,hierarchical_rf_1.1.0
ZTF23aaaymxr,hierarchical_rf_1.1.0
ZTF24abszjmr,lc_classifier_1.1.13
ZTF21aagojfe,hierarchical_rf_1.1.0
ZTF24aaejwkz,lc_classifier_1.1.13
ZTF25aaytfvv,lc_classifier_1.1.13
ZTF20aaodkvl,hierarchical_rf_1.1.0
ZTF25aaaqkbi,lc_classifier_1.1.13
ZTF22abvciba,hierarchical_rf_1.1.0
ZTF21accibae,hierarchical_rf_1.1.0
ZTF21abyakea,hierarchical_rf_1.1.0
ZTF19abzfmak,hierarchical_rf_1.1.0
ZTF22abobhmn,hierarchical_rf_1.1.0
ZTF24aahaajg,lc_classifier_1.1.13
ZTF19abuclhk,hierarchical_rf_1.1.0
ZTF21ackcrao,hierarchical_rf_1.1.0
ZTF21aaxstzy,hierarchical_rf_1.1.0
ZTF18abobkii,hierarchical_rf_1.1.0
ZTF21aapomdb,hierarchical_rf_1.1.0
ZTF21aaxuywf,hierarchical_rf_1.1.0
ZTF19abuxhqc,hierarchical_rf_1.1.0
ZTF18aaovwbp,lc_classifier_1.1.13
ZTF18abmrhom,hierarchical_rf_1.1.0
ZTF22abnfgcn,hierarchical_rf_1.1.0
ZTF19aacivvy,hierarchical_rf_1.1.0
ZTF21aaprfkc,hierarchical_rf_1.1.0
ZTF24aakfycl,lc_classifier_1.1.13
ZTF19aazdcmj,hierarchical_rf_1.1.0
ZTF19aaeopqn,hierarchical_rf_1.1.0
ZTF19abqqmui,hierarchical_rf_1.1.0
ZTF23abizggb,hierarchical_rf_1.1.0
ZTF18abcflnz,hierarchical_rf_1.1.0
ZTF19abzlsbl,hierarchical_rf_1.1.0
ZTF18aaqjqqc,hierarchical_rf_1.1.0
ZTF23aazfapq,hierarchical_rf_1.1.0
ZTF22aahaufu,hierarchical_rf_1.1.0
ZTF22abqwahz,hierarchical_rf_1.1.0
ZTF24aahdihc,lc_classifier_1.1.13
ZTF22aaldrem,hierarchical_rf_1.1.0
ZTF20ackitai,hierarchical_rf_1.1.0
ZTF18aarlukc,hierarchical_rf_1.1.0
ZTF19acyfakk,hierarchical_rf_1.1.0
ZTF19aapcoqg,hierarchical_rf_1.1.0
ZTF21acfflog,hierarchical_rf_1.1.0
ZTF19abzqkdz,hierarchical_rf_1.1.0
ZTF20aclzegl,hierarchical_rf_1.1.0
ZTF19abnimpq,hierarchical_rf_1.1.0
ZTF22aaypvib,hierarchical_rf_1.1.0
ZTF19aayckwk,hierarchical_rf_1.1.0
ZTF20acpyaap,hierarchical_rf_1.1.0
ZTF20aauwhyi,hierarchical_rf_1.1.0
ZTF21aciuvmg,hierarchical_rf_1.1.0
ZTF20aammbrw,hierarchical_rf_1.1.0
ZTF21acbntop,hierarchical_rf_1.1.0
ZTF18acrncou,hierarchical_rf_1.1.0
ZTF19abqanpy,hierarchical_rf_1.1.0
ZTF19acihgng,hierarchical_rf_1.1.0
ZTF19aaujiwc,hierarchical_rf_1.1.0
ZTF20abylbuf,hierarchical_rf_1.1.0
ZTF19abvhkst,hierarchical_rf_1.1.0
ZTF20abfklsy,hierarchical_rf_1.1.0
ZTF21aaljjvt,hierarchical_rf_1.1.0
ZTF20acauthg,hierarchical_rf_1.1.0
ZTF22abfvsbt,hierarchical_rf_1.1.0
ZTF21abmwmnp,hierarchical_rf_1.1.0
ZTF19acxndsk,hierarchical_rf_1.1.0
ZTF21abjbrrj,hierarchical_rf_1.1.0
ZTF25aasnrmc,lc_classifier_1.1.13
ZTF20abqnctf,hierarchical_rf_1.1.0
ZTF21acjurqj,hierarchical_rf_1.1.0
ZTF21abrghol,hierarchical_rf_1.1.0
ZTF21acoqbfm,hierarchical_rf_1.1.0
ZTF24abeiqfc,lc_classifier_1.1.13
ZTF19acxovkl,hierarchical_rf_1.1.0
ZTF22aaorbxb,hierarchical_rf_1.1.0
ZTF20abwcnhm,hierarchical_rf_1.1.0
ZTF25abvrbqg,lc_classifier_1.1.13
ZTF24aabplhb,lc_classifier_1.1.13
ZTF23abjzkqu,hierarchical_rf_1.1.0
ZTF22abuqitl,hierarchical_rf_1.1.0
ZTF22abyrqec,hierarchical_rf_1.1.0
ZTF20aamdhut,hierarchical_rf_1.1.0
ZTF20acwncbd,hierarchical_rf_1.1.0
ZTF21abbzhvg,hierarchical_rf_1.1.0
ZTF20acowddo,hierarchical_rf_1.1.0
ZTF21acbvwej,hierarchical_rf_1.1.0
ZTF18aatjfoe,hierarchical_rf_1.1.0
ZTF25aatdvzt,lc_classifier_1.1.13
ZTF20aaideho,hierarchical_rf_1.1.0
ZTF20abipuee,hierarchical_rf_1.1.0
ZTF22abyhxlj,hierarchical_rf_1.1.0
ZTF20abmxstg,hierarchical_rf_1.1.0
ZTF22abijxly,hierarchical_rf_1.1.0
ZTF21aastazz,hierarchical_rf_1.1.0
ZTF19abpzuzd,hierarchical_rf_1.1.0
ZTF21abedvkp,hierarchical_rf_1.1.0
ZTF20aavfwdo,hierarchical_rf_1.1.0
ZTF20aajjxwc,hierarchical_rf_1.1.0
ZTF25acczblu,lc_classifier_1.1.13
ZTF20achfdib,hierarchical_rf_1.1.0
ZTF25acadteh,lc_classifier_1.1.13
ZTF19acdisjm,hierarchical_rf_1.1.0
ZTF20abafzxx,hierarchical_rf_1.1.0
ZTF21abbaerh,hierarchical_rf_1.1.0
ZTF23abhshdk,hierarchical_rf_1.1.0
ZTF23abnpddd,hierarchical_rf_1.1.0
ZTF21abuuzrk,hierarchical_rf_1.1.0
ZTF19acmwkul,hierarchical_rf_1.1.0
ZTF23aahxdhe,hierarchical_rf_1.1.0
ZTF20aaurzce,hierarchical_rf_1.1.0
ZTF23aaxzhor,hierarchical_rf_1.1.0
ZTF21aayggyo,hierarchical_rf_1.1.0
ZTF18absdgon,hierarchical_rf_1.1.0
ZTF19abdgpuv,hierarchical_rf_1.1.0
ZTF20acgyvgs,hierarchical_rf_1.1.0
ZTF20acpbbqf,hierarchical_rf_1.1.0
ZTF22aboaiim,hierarchical_rf_1.1.0
ZTF20acjzzyr,hierarchical_rf_1.1.0
ZTF23aazjqov,hierarchical_rf_1.1.0
ZTF20ablnjvp,hierarchical_rf_1.1.0
ZTF18aahvndq,hierarchical_rf_1.1.0
ZTF23aahkrlw,hierarchical_rf_1.1.0
ZTF20acpjfln,hierarchical_rf_1.1.0
ZTF20acpksoc,hierarchical_rf_1.1.0
ZTF20acnywhz,hierarchical_rf_1.1.0
ZTF19aayvylv,hierarchical_rf_1.1.0
ZTF20aazsyvu,hierarchical_rf_1.1.0
ZTF20abgpksj,hierarchical_rf_1.1.0
ZTF24aahiitr,lc_classifier_1.1.13
ZTF23aawavgx,hierarchical_rf_1.1.0
ZTF25aaplvcg,lc_classifier_1.1.13
ZTF22abakeha,hierarchical_rf_1.1.0
ZTF23aalfofn,lc_classifier_1.1.13
ZTF19abheamc,hierarchical_rf_1.1.0
ZTF23aahvnck,hierarchical_rf_1.1.0
ZTF20abapyxl,hierarchical_rf_1.1.0
ZTF19acbpnii,hierarchical_rf_1.1.0
ZTF18aauizcr,hierarchical_rf_1.1.0
ZTF20abbpory,hierarchical_rf_1.1.0
ZTF21acdkydg,hierarchical_rf_1.1.0
ZTF23aamqtel,hierarchical_rf_1.1.0
ZTF22ablbgrl,hierarchical_rf_1.1.0
ZTF22aajvkrd,hierarchical_rf_1.1.0
ZTF22abavsqq,hierarchical_rf_1.1.0
ZTF21abfoxwp,hierarchical_rf_1.1.0
ZTF22aaoskwd,hierarchical_rf_1.1.0
ZTF25abiikwy,lc_classifier_1.1.13
ZTF22aakpvbx,hierarchical_rf_1.1.0
ZTF20aammnnm,hierarchical_rf_1.1.0
ZTF21abflmkk,hierarchical_rf_1.1.0
ZTF20ablagfg,hierarchical_rf_1.1.0
ZTF19abattvp,hierarchical_rf_1.1.0
ZTF23aaepuao,hierarchical_rf_1.1.0
ZTF19aavvozj,hierarchical_rf_1.1.0
ZTF24aaaczuf,lc_classifier_1.1.13
ZTF20abthxfr,hierarchical_rf_1.1.0
ZTF19adcdzjm,hierarchical_rf_1.1.0
ZTF18aaqnxjb,hierarchical_rf_1.1.0
ZTF21abhhbmd,hierarchical_rf_1.1.0
ZTF19aaujzqh,hierarchical_rf_1.1.0
ZTF22abswuyy,hierarchical_rf_1.1.0
ZTF22abfxmvf,hierarchical_rf_1.1.0
ZTF19aangier,hierarchical_rf_1.1.0
ZTF24abimnpm,lc_classifier_1.1.13
ZTF18ablmflp,hierarchical_rf_1.1.0
ZTF19abyhxzp,hierarchical_rf_1.1.0
ZTF19abxihut,hierarchical_rf_1.1.0
ZTF21abpivbd,hierarchical_rf_1.1.0
ZTF22abeltic,hierarchical_rf_1.1.0
ZTF20abfhzhm,hierarchical_rf_1.1.0
ZTF22abbaqil,hierarchical_rf_1.1.0
ZTF21acfaugw,hierarchical_rf_1.1.0
ZTF25aafwcmp,lc_classifier_1.1.13
ZTF19abeizmo,hierarchical_rf_1.1.0
ZTF21aaavhbu,hierarchical_rf_1.1.0
ZTF23aaqnjej,hierarchical_rf_1.1.0
ZTF21aahzspd,hierarchical_rf_1.1.0
ZTF21aazfmxb,hierarchical_rf_1.1.0
ZTF20acwdnbw,hierarchical_rf_1.1.0
ZTF23aaeaptm,hierarchical_rf_1.1.0
ZTF18abcecfi,hierarchical_rf_1.1.0
ZTF24abjflpz,lc_classifier_1.1.13
ZTF24abpfzww,lc_classifier_1.1.13
ZTF25aaqgorp,lc_classifier_1.1.13
ZTF19aarmtgu,hierarchical_rf_1.1.0
ZTF19acbunmk,hierarchical_rf_1.1.0
ZTF18aarmnnd,hierarchical_rf_1.1.0
ZTF24aaimlne,lc_classifier_1.1.13
ZTF23abivuzt,hierarchical_rf_1.1.0
ZTF20aaxahpk,hierarchical_rf_1.1.0
ZTF19abbvzgr,hierarchical_rf_1.1.0
ZTF20adadshh,hierarchical_rf_1.1.0
ZTF21aakjhcb,hierarchical_rf_1.1.0
ZTF22aaxfqka,hierarchical_rf_1.1.0
ZTF20abxidyb,hierarchical_rf_1.1.0
ZTF18aazhwnh,hierarchical_rf_1.1.0
ZTF20acpumut,hierarchical_rf_1.1.0
ZTF25acfgool,lc_classifier_1.1.13
ZTF21aacxung,hierarchical_rf_1.1.0
ZTF25abozezv,lc_classifier_1.1.13
ZTF22aakynop,hierarchical_rf_1.1.0
ZTF19aavxpbx,hierarchical_rf_1.1.0
ZTF20abfyriw,hierarchical_rf_1.1.0
ZTF25abqamzb,lc_classifier_1.1.13
ZTF22abxacvm,lc_classifier_1.1.13
ZTF23aaencty,hierarchical_rf_1.1.0
ZTF21aapfpod,hierarchical_rf_1.1.0
ZTF23aadxrid,hierarchical_rf_1.1.0
ZTF22aahieds,hierarchical_rf_1.1.0
ZTF21achqzub,hierarchical_rf_1.1.0
ZTF19aanhhal,hierarchical_rf_1.1.0
ZTF20aaurfhs,hierarchical_rf_1.1.0
ZTF21abqmrun,hierarchical_rf_1.1.0
ZTF21abhqhqb,hierarchical_rf_1.1.0
ZTF18acgvgiq,hierarchical_rf_1.1.0
ZTF23absiytp,lc_classifier_1.1.13
ZTF24aawakwl,lc_classifier_1.1.13
ZTF19abbwfgp,hierarchical_rf_1.1.0
ZTF19aanlekq,hierarchical_rf_1.1.0
ZTF19aatgxjy,hierarchical_rf_1.1.0
ZTF24aawklme,lc_classifier_1.1.13
ZTF24aaozxhx,lc_classifier_1.1.13
ZTF19acctwpz,hierarchical_rf_1.1.0
ZTF20aciwrpn,hierarchical_rf_1.1.0
ZTF22aakdqqg,hierarchical_rf_1.1.0
ZTF22abjvyib,hierarchical_rf_1.1.0
ZTF22aavcvgd,hierarchical_rf_1.1.0
ZTF20acwgxhk,hierarchical_rf_1.1.0
ZTF21acchbmn,hierarchical_rf_1.1.0
ZTF19aamowaf,hierarchical_rf_1.1.0
ZTF24abutkox,lc_classifier_1.1.13
ZTF23aadwaiz,hierarchical_rf_1.1.0
ZTF21abczimc,hierarchical_rf_1.1.0
ZTF22abkbjsb,hierarchical_rf_1.1.0
ZTF21aaeoqxf,hierarchical_rf_1.1.0
ZTF18abxucht,lc_classifier_1.1.13
ZTF25aaapkzn,lc_classifier_1.1.13
ZTF20aayxdse,hierarchical_rf_1.1.0
ZTF23abascqa,hierarchical_rf_1.1.0
ZTF20acgnenc,hierarchical_rf_1.1.0
ZTF22aaemoot,hierarchical_rf_1.1.0
ZTF20aagjpmt,hierarchical_rf_1.1.0
ZTF18abffyqp,hierarchical_rf_1.1.0
ZTF23abjstcg,hierarchical_rf_1.1.0
ZTF24aagchqx,lc_classifier_1.1.13
ZTF21abfxhrn,hierarchical_rf_1.1.0
ZTF19aamggmk,hierarchical_rf_1.1.0
ZTF22aajeyek,hierarchical_rf_1.1.0
ZTF25aalyfoi,lc_classifier_1.1.13
ZTF21aceqrju,hierarchical_rf_1.1.0
ZTF20accrldu,hierarchical_rf_1.1.0
ZTF21aaipypa,hierarchical_rf_1.1.0
ZTF20abekcdt,hierarchical_rf_1.1.0
ZTF21acgpjbx,hierarchical_rf_1.1.0
ZTF22aajsdkt,hierarchical_rf_1.1.0
ZTF23abqkppm,lc_classifier_1.1.13
ZTF20aahqbun,hierarchical_rf_1.1.0
ZTF25aadevqv,lc_classifier_1.1.13
ZTF19ablfdwt,hierarchical_rf_1.1.0
ZTF24abrzgil,lc_classifier_1.1.13
ZTF22aaudjgc,hierarchical_rf_1.1.0
ZTF22aattfmb,hierarchical_rf_1.1.0
ZTF18acrwheu,hierarchical_rf_1.1.0
ZTF24aahsukk,lc_classifier_1.1.13
ZTF25aawngni,lc_classifier_1.1.13
ZTF20aawgrcu,hierarchical_rf_1.1.0
ZTF20aahbamv,hierarchical_rf_1.1.0
ZTF21abdmevk,hierarchical_rf_1.1.0
ZTF19abqgtqo,hierarchical_rf_1.1.0
ZTF22abyivxh,hierarchical_rf_1.1.0
ZTF21aaqldsj,hierarchical_rf_1.1.0
ZTF23aacydwa,hierarchical_rf_1.1.0
ZTF20acnzkxb,hierarchical_rf_1.1.0
ZTF20acorjop,hierarchical_rf_1.1.0
ZTF19abormur,hierarchical_rf_1.1.0
ZTF25aauvser,lc_classifier_1.1.13
ZTF25aalzmga,lc_classifier_1.1.13
ZTF19aaloqmd,hierarchical_rf_1.1.0
ZTF23aaqniyk,hierarchical_rf_1.1.0
ZTF22abfutah,hierarchical_rf_1.1.0
ZTF22abfwxtr,hierarchical_rf_1.1.0
ZTF19aamljom,hierarchical_rf_1.1.0
ZTF21abfoyac,hierarchical_rf_1.1.0
ZTF23aaeeugd,hierarchical_rf_1.1.0
ZTF19abpxiff,hierarchical_rf_1.1.0
ZTF22acaunur,hierarchical_rf_1.1.0
ZTF21abouznj,hierarchical_rf_1.1.0
ZTF21abptxfk,hierarchical_rf_1.1.0
ZTF20acfvgdp,hierarchical_rf_1.1.0
ZTF23abghttj,hierarchical_rf_1.1.0
ZTF19acbvisk,hierarchical_rf_1.1.0
ZTF20acknpig,hierarchical_rf_1.1.0
ZTF20aapchqy,hierarchical_rf_1.1.0
ZTF22abfzdkz,hierarchical_rf_1.1.0
ZTF23aaedvtn,hierarchical_rf_1.1.0
ZTF25aadlhzw,lc_classifier_1.1.13
ZTF24aampakt,lc_classifier_1.1.13
ZTF25aahmbaq,lc_classifier_1.1.13
ZTF20actkmks,hierarchical_rf_1.1.0
ZTF23abndgbw,hierarchical_rf_1.1.0
ZTF21abqmrtm,hierarchical_rf_1.1.0
ZTF20aafclxb,hierarchical_rf_1.1.0
ZTF19acwbhih,hierarchical_rf_1.1.0
ZTF23abvnmam,lc_classifier_1.1.13
ZTF20acectxy,hierarchical_rf_1.1.0
ZTF21acdbcxy,hierarchical_rf_1.1.0
ZTF24aaaefgv,lc_classifier_1.1.13
ZTF22abtmrfr,hierarchical_rf_1.1.0
ZTF22aahnkdv,hierarchical_rf_1.1.0
ZTF22abkhrkd,hierarchical_rf_1.1.0
ZTF23abavosd,hierarchical_rf_1.1.0
ZTF25abzswyh,lc_classifier_1.1.13
ZTF19aavjlkx,hierarchical_rf_1.1.0
ZTF20abyzprl,hierarchical_rf_1.1.0
ZTF19abgmkef,hierarchical_rf_1.1.0
ZTF20actpavu,hierarchical_rf_1.1.0
ZTF23aboywdj,lc_classifier_1.1.13
ZTF21acioxcf,hierarchical_rf_1.1.0
ZTF20aafclqz,hierarchical_rf_1.1.0
ZTF20abwdaeo,hierarchical_rf_1.1.0
ZTF19aapafqd,hierarchical_rf_1.1.0
ZTF23aarktow,hierarchical_rf_1.1.0
ZTF19adavzew,hierarchical_rf_1.1.0
ZTF20acgnelh,hierarchical_rf_1.1.0
ZTF25aacbhct,lc_classifier_1.1.13
ZTF23aabutcv,hierarchical_rf_1.1.0
ZTF22aamrkns,hierarchical_rf_1.1.0
ZTF21aanhvpo,hierarchical_rf_1.1.0
ZTF19aamhmsx,hierarchical_rf_1.1.0
ZTF21aaobkmg,hierarchical_rf_1.1.0
ZTF23aailjjs,hierarchical_rf_1.1.0
ZTF22abbiwrr,hierarchical_rf_1.1.0
ZTF19acasuyp,lc_classifier_1.1.13
ZTF20acitoie,hierarchical_rf_1.1.0
ZTF20aatqidk,hierarchical_rf_1.1.0
ZTF18adachwf,hierarchical_rf_1.1.0
ZTF23abmoxlu,hierarchical_rf_1.1.0
ZTF20aamamnp,hierarchical_rf_1.1.0
ZTF20aaieyuw,hierarchical_rf_1.1.0
ZTF21acafqtj,hierarchical_rf_1.1.0
ZTF20abywoaa,hierarchical_rf_1.1.0
ZTF20adadlqv,hierarchical_rf_1.1.0
ZTF18acbwaxk,hierarchical_rf_1.1.0
ZTF18abzrgim,hierarchical_rf_1.1.0
ZTF25aalpzgd,lc_classifier_1.1.13
ZTF22abepfmn,hierarchical_rf_1.1.0
ZTF22aawptbl,hierarchical_rf_1.1.0
ZTF24aaxlnut,lc_classifier_1.1.13
ZTF19abbnamr,hierarchical_rf_1.1.0
ZTF19aapafit,hierarchical_rf_1.1.0
ZTF24aahgkxm,lc_classifier_1.1.13
ZTF24aazpqhq,lc_classifier_1.1.13
ZTF19aaqdkrm,hierarchical_rf_1.1.0
ZTF20acrrssy,hierarchical_rf_1.1.0
ZTF21abnudtb,hierarchical_rf_1.1.0
ZTF20abbpkpa,hierarchical_rf_1.1.0
ZTF20aclftuo,hierarchical_rf_1.1.0
ZTF21aaqmoof,hierarchical_rf_1.1.0
ZTF18aaqkoyr,hierarchical_rf_1.1.0
ZTF19aadtqcd,hierarchical_rf_1.1.0
ZTF25aavcgfk,lc_classifier_1.1.13
ZTF22aajhkpo,hierarchical_rf_1.1.0
ZTF19aawfkeg,hierarchical_rf_1.1.0
ZTF20aadchdd,hierarchical_rf_1.1.0
ZTF25abiwbsb,lc_classifier_1.1.13
ZTF21abvcxid,hierarchical_rf_1.1.0
ZTF24absbhfe,lc_classifier_1.1.13
ZTF18abokyfk,hierarchical_rf_1.1.0
ZTF18aawgrxz,hierarchical_rf_1.1.0
ZTF21aapjphz,hierarchical_rf_1.1.0
ZTF20aayknbc,hierarchical_rf_1.1.0
ZTF21aatpsky,hierarchical_rf_1.1.0
ZTF21abtcgoh,hierarchical_rf_1.1.0
ZTF25abudaqa,lc_classifier_1.1.13
ZTF19abegzry,hierarchical_rf_1.1.0
ZTF20acedqis,hierarchical_rf_1.1.0
ZTF25aaluerd,lc_classifier_1.1.13
ZTF18abwisaz,lc_classifier_1.1.13
ZTF19aailepg,hierarchical_rf_1.1.0
ZTF21abmwzxt,hierarchical_rf_1.1.0
ZTF23abkixfb,lc_classifier_1.1.13
ZTF25aatqacd,lc_classifier_1.1.13
ZTF19acytcsg,hierarchical_rf_1.1.0
ZTF21aapdxxs,hierarchical_rf_1.1.0
ZTF19aapmdwm,hierarchical_rf_1.1.0
ZTF20acuhren,hierarchical_rf_1.1.0
ZTF21aapxogj,hierarchical_rf_1.1.0
ZTF25aaixfyj,lc_classifier_1.1.13
ZTF20acuhgar,hierarchical_rf_1.1.0
ZTF22abmmhdm,hierarchical_rf_1.1.0
ZTF23abioirc,hierarchical_rf_1.1.0
ZTF21abpxsck,hierarchical_rf_1.1.0
ZTF20abjonjs,hierarchical_rf_1.1.0
ZTF21aalodzw,hierarchical_rf_1.1.0
ZTF24abrchsb,lc_classifier_1.1.13
ZTF21aaxxoei,hierarchical_rf_1.1.0
ZTF22abdjqlm,hierarchical_rf_1.1.0
ZTF21abjbfpg,lc_classifier_1.1.13
ZTF22abtcphd,hierarchical_rf_1.1.0
ZTF20achnfaa,hierarchical_rf_1.1.0
ZTF22aadolby,hierarchical_rf_1.1.0
ZTF20acfdmex,hierarchical_rf_1.1.0
ZTF18aasxvsg,hierarchical_rf_1.1.0
ZTF20aauvjws,hierarchical_rf_1.1.0
ZTF19abwamby,hierarchical_rf_1.1.0
ZTF24abtbalq,lc_classifier_1.1.13
ZTF21abrluay,hierarchical_rf_1.1.0
ZTF19aayrosj,hierarchical_rf_1.1.0
ZTF19adbsblp,hierarchical_rf_1.1.0
ZTF24aavyicb,lc_classifier_1.1.13
ZTF21aagtekf,hierarchical_rf_1.1.0
ZTF24aahxmmu,lc_classifier_1.1.13
ZTF21aaqugxm,hierarchical_rf_1.1.0
ZTF22abyivoq,hierarchical_rf_1.1.0
ZTF21aamwqim,hierarchical_rf_1.1.0
ZTF20acpqbfu,hierarchical_rf_1.1.0
ZTF18aacnlxz,hierarchical_rf_1.1.0
ZTF22aativsd,hierarchical_rf_1.1.0
ZTF20abjbgjj,hierarchical_rf_1.1.0
ZTF23abbzhug,hierarchical_rf_1.1.0
ZTF19abxnycf,hierarchical_rf_1.1.0
ZTF25aasfogb,lc_classifier_1.1.13
ZTF22abybbud,hierarchical_rf_1.1.0
ZTF20acvevsn,hierarchical_rf_1.1.0
ZTF22abaegxq,hierarchical_rf_1.1.0
ZTF21abvcxel,hierarchical_rf_1.1.0
ZTF22abcfics,hierarchical_rf_1.1.0
ZTF21abhhrpj,hierarchical_rf_1.1.0
ZTF25aabaanf,lc_classifier_1.1.13
ZTF25aafibim,lc_classifier_1.1.13
ZTF23abnevza,hierarchical_rf_1.1.0
ZTF20aahqbsr,hierarchical_rf_1.1.0
ZTF19aapbfot,hierarchical_rf_1.1.0
ZTF19abrlvij,hierarchical_rf_1.1.0
ZTF22aamgumi,hierarchical_rf_1.1.0
ZTF23aadtzse,hierarchical_rf_1.1.0
ZTF20abqferm,hierarchical_rf_1.1.0
ZTF21acdoyqt,hierarchical_rf_1.1.0
ZTF25aacldzw,lc_classifier_1.1.13
ZTF19abjsmmv,hierarchical_rf_1.1.0
ZTF23aahngej,hierarchical_rf_1.1.0
ZTF22abnejmu,hierarchical_rf_1.1.0
ZTF21aagtqna,hierarchical_rf_1.1.0
ZTF24aarxxmm,lc_classifier_1.1.13
ZTF24aapexhw,lc_classifier_1.1.13
ZTF21achltea,hierarchical_rf_1.1.0
ZTF21aamwvhr,hierarchical_rf_1.1.0
ZTF23aaenlmq,hierarchical_rf_1.1.0
ZTF24aboafrj,lc_classifier_1.1.13
ZTF20acgided,hierarchical_rf_1.1.0
ZTF19accbeju,hierarchical_rf_1.1.0
ZTF23aadndfn,hierarchical_rf_1.1.0
ZTF20acpgokr,hierarchical_rf_1.1.0
ZTF23aaggwfh,hierarchical_rf_1.1.0
ZTF19aaugaam,hierarchical_rf_1.1.0
ZTF25aauhbec,lc_classifier_1.1.13
ZTF19acignlo,hierarchical_rf_1.1.0
ZTF22aalorla,hierarchical_rf_1.1.0
ZTF19aanfnvl,hierarchical_rf_1.1.0
ZTF19abjpntj,hierarchical_rf_1.1.0
ZTF21abqvzjy,hierarchical_rf_1.1.0
ZTF22aagvgwl,hierarchical_rf_1.1.0
ZTF19abkxeft,hierarchical_rf_1.1.0
ZTF19acanzwg,hierarchical_rf_1.1.0
ZTF24abcyfru,lc_classifier_1.1.13
ZTF19acwrrvg,hierarchical_rf_1.1.0
ZTF21aanzcuj,hierarchical_rf_1.1.0
ZTF23aaaigqy,hierarchical_rf_1.1.0
ZTF19acbwejj,hierarchical_rf_1.1.0
ZTF19abpyqog,hierarchical_rf_1.1.0
ZTF19acchaza,hierarchical_rf_1.1.0
ZTF18aaewdgq,hierarchical_rf_1.1.0
ZTF18aakkrjm,hierarchical_rf_1.1.0
ZTF18abeamgv,hierarchical_rf_1.1.0
ZTF18abjyjdz,hierarchical_rf_1.1.0
ZTF18acnncve,hierarchical_rf_1.1.0
ZTF19aailsge,hierarchical_rf_1.1.0
ZTF19aakirwj,hierarchical_rf_1.1.0
ZTF19aalouag,hierarchical_rf_1.1.0
ZTF19aamgghn,hierarchical_rf_1.1.0
ZTF19aaoxvfe,hierarchical_rf_1.1.0
ZTF19aatesgp,hierarchical_rf_1.1.0
ZTF19abqqrgy,hierarchical_rf_1.1.0
ZTF19abqwtfu,hierarchical_rf_1.1.0
ZTF19abqxibq,hierarchical_rf_1.1.0
ZTF19abrirmk,hierarchical_rf_1.1.0
ZTF19abvdgqo,hierarchical_rf_1.1.0
ZTF19abztknu,hierarchical_rf_1.1.0
ZTF19acbmojx,hierarchical_rf_1.1.0
ZTF19acdabep,hierarchical_rf_1.1.0
ZTF19ackjjwf,hierarchical_rf_1.1.0
ZTF19acmelor,hierarchical_rf_1.1.0
ZTF19adcfsad,hierarchical_rf_1.1.0
ZTF20aaertpj,hierarchical_rf_1.1.0
ZTF20aajcdad,hierarchical_rf_1.1.0
ZTF20aakodyh,hierarchical_rf_1.1.0
ZTF20aalcyih,hierarchical_rf_1.1.0
ZTF20aavzffg,hierarchical_rf_1.1.0
ZTF20aaxvzja,hierarchical_rf_1.1.0
ZTF20aazhyrs,hierarchical_rf_1.1.0
ZTF20abbpkng,hierarchical_rf_1.1.0
ZTF20abhlncz,hierarchical_rf_1.1.0
ZTF20abjpvce,hierarchical_rf_1.1.0
ZTF20abvquuo,hierarchical_rf_1.1.0
ZTF20acjbzrh,hierarchical_rf_1.1.0
ZTF20acpzaoa,hierarchical_rf_1.1.0
ZTF20acvebcu,hierarchical_rf_1.1.0
ZTF20acxqxyw,hierarchical_rf_1.1.0
ZTF21aaqhhfu,hierarchical_rf_1.1.0
ZTF21aaqwfqe,hierarchical_rf_1.1.0
ZTF21aarnjyd,hierarchical_rf_1.1.0
ZTF21aaufwyh,hierarchical_rf_1.1.0
ZTF21aawogdl,hierarchical_rf_1.1.0
ZTF21aayddkn,hierarchical_rf_1.1.0
ZTF21aayqrgx,hierarchical_rf_1.1.0
ZTF21abahiow,hierarchical_rf_1.1.0
ZTF21abccaue,hierarchical_rf_1.1.0
ZTF21abcgnql,hierarchical_rf_1.1.0
ZTF21abdkojo,hierarchical_rf_1.1.0
ZTF21abieuta,hierarchical_rf_1.1.0
ZTF21abimnii,hierarchical_rf_1.1.0
ZTF21abmxiuf,hierarchical_rf_1.1.0
ZTF21abngbrl,hierarchical_rf_1.1.0
ZTF21abplhpw,hierarchical_rf_1.1.0
ZTF21abrqrsz,hierarchical_rf_1.1.0
ZTF21acdxhuv,hierarchical_rf_1.1.0
ZTF21aceehxt,hierarchical_rf_1.1.0
ZTF21achgfbk,hierarchical_rf_1.1.0
ZTF21aciwixf,hierarchical_rf_1.1.0
ZTF22aadnjsh,hierarchical_rf_1.1.0
ZTF22aadoihx,hierarchical_rf_1.1.0
ZTF22aaebkwd,hierarchical_rf_1.1.0
ZTF22aaezyos,hierarchical_rf_1.1.0
ZTF22aakpyqw,hierarchical_rf_1.1.0
ZTF22aaolhhl,hierarchical_rf_1.1.0
ZTF22aarbard,hierarchical_rf_1.1.0
ZTF22aatunnt,hierarchical_rf_1.1.0
ZTF22aazuotw,hierarchical_rf_1.1.0
ZTF22abexkqi,hierarchical_rf_1.1.0
ZTF22abfuwel,hierarchical_rf_1.1.0
ZTF22abfyqsc,hierarchical_rf_1.1.0
ZTF22abkabeh,hierarchical_rf_1.1.0
ZTF22absibqa,hierarchical_rf_1.1.0
ZTF22absphuu,hierarchical_rf_1.1.0
ZTF23aaahtnj,hierarchical_rf_1.1.0
ZTF23aadtrzd,hierarchical_rf_1.1.0
ZTF23aajfdxf,hierarchical_rf_1.1.0
ZTF23aanqoyo,hierarchical_rf_1.1.0
ZTF23aapbrrq,hierarchical_rf_1.1.0
ZTF23aaspcfl,hierarchical_rf_1.1.0
ZTF23aawzdxd,hierarchical_rf_1.1.0
ZTF23aaxuvkn,hierarchical_rf_1.1.0
ZTF23aazuzip,hierarchical_rf_1.1.0
ZTF23abbpswf,hierarchical_rf_1.1.0
ZTF23abjzkmx,hierarchical_rf_1.1.0
ZTF23abnpoqp,hierarchical_rf_1.1.0
ZTF23abovaur,lc_classifier_1.1.13
ZTF24aaeczdw,lc_classifier_1.1.13
ZTF24aakaiqs,lc_classifier_1.1.13
ZTF24aaymkrs,lc_classifier_1.1.13
ZTF25aavahfn,lc_classifier_1.1.13
ZTF18aaxiuyp,hierarchical_rf_1.1.0
ZTF18abdkkwa,hierarchical_rf_1.1.0
ZTF18abecbks,hierarchical_rf_1.1.0
ZTF18abeyqpr,hierarchical_rf_1.1.0
ZTF18abfzhct,hierarchical_rf_1.1.0
ZTF18abkjnqy,hierarchical_rf_1.1.0
ZTF18aceqrrs,hierarchical_rf_1.1.0
ZTF18achcpwu,hierarchical_rf_1.1.0
ZTF18acsjrbc,hierarchical_rf_1.1.0
ZTF18aczqzrj,hierarchical_rf_1.1.0
ZTF18adasisj,hierarchical_rf_1.1.0
ZTF19aafmyow,hierarchical_rf_1.1.0
ZTF19aailcgs,hierarchical_rf_1.1.0
ZTF19aakpcuw,hierarchical_rf_1.1.0
ZTF19aamsetj,hierarchical_rf_1.1.0
ZTF19aanfukh,hierarchical_rf_1.1.0
ZTF19aanijpu,hierarchical_rf_1.1.0
ZTF19aarfyvc,hierarchical_rf_1.1.0
ZTF19aatheus,hierarchical_rf_1.1.0
ZTF19aavoweu,hierarchical_rf_1.1.0
ZTF19aawsday,hierarchical_rf_1.1.0
ZTF19aaxzdtw,hierarchical_rf_1.1.0
ZTF19abafmwj,hierarchical_rf_1.1.0
ZTF19abauylg,hierarchical_rf_1.1.0
ZTF19abcegvm,hierarchical_rf_1.1.0
ZTF19abdoior,hierarchical_rf_1.1.0
ZTF19abfiqjg,hierarchical_rf_1.1.0
ZTF19abqmsbk,hierarchical_rf_1.1.0
ZTF19abtsnyy,hierarchical_rf_1.1.0
ZTF19acllsbq,hierarchical_rf_1.1.0
ZTF19acyogrm,hierarchical_rf_1.1.0
ZTF20aaekkuv,hierarchical_rf_1.1.0
ZTF20aaelulu,hierarchical_rf_1.1.0
ZTF20aagewqr,hierarchical_rf_1.1.0
ZTF20aaiftgi,hierarchical_rf_1.1.0
ZTF20aamdyln,hierarchical_rf_1.1.0
ZTF20aammtwx,hierarchical_rf_1.1.0
ZTF20aamqmhj,hierarchical_rf_1.1.0
ZTF20aavhyel,hierarchical_rf_1.1.0
ZTF20aazpyhy,hierarchical_rf_1.1.0
ZTF20abefbpl,hierarchical_rf_1.1.0
ZTF20abkiarz,hierarchical_rf_1.1.0
ZTF20aborzxc,hierarchical_rf_1.1.0
ZTF20abqdkne,hierarchical_rf_1.1.0
ZTF20abtkjfw,hierarchical_rf_1.1.0
ZTF20abusrwm,hierarchical_rf_1.1.0
ZTF20abvvnqh,hierarchical_rf_1.1.0
ZTF20abwxywy,hierarchical_rf_1.1.0
ZTF20abxpoxd,hierarchical_rf_1.1.0
ZTF20abzjcdg,hierarchical_rf_1.1.0
ZTF20accbsxa,hierarchical_rf_1.1.0
ZTF20accoccp,hierarchical_rf_1.1.0
ZTF20acfqngt,hierarchical_rf_1.1.0
ZTF20aclnplo,hierarchical_rf_1.1.0
ZTF20actekrw,hierarchical_rf_1.1.0
ZTF20actpqgc,hierarchical_rf_1.1.0
ZTF20acueziy,hierarchical_rf_1.1.0
ZTF20acwofhd,hierarchical_rf_1.1.0
ZTF20adadrhw,hierarchical_rf_1.1.0
ZTF21aaaosoq,hierarchical_rf_1.1.0
ZTF21aaaubig,hierarchical_rf_1.1.0
ZTF21aacufip,hierarchical_rf_1.1.0
ZTF21aahdqrg,hierarchical_rf_1.1.0
ZTF21aalkjbl,hierarchical_rf_1.1.0
ZTF21aannoix,hierarchical_rf_1.1.0
ZTF21aaqldsk,hierarchical_rf_1.1.0
ZTF21aaxtctv,hierarchical_rf_1.1.0
ZTF21abcgaln,hierarchical_rf_1.1.0
ZTF21abklcjq,hierarchical_rf_1.1.0
ZTF21abraccv,hierarchical_rf_1.1.0
ZTF21acjxzsa,hierarchical_rf_1.1.0
ZTF22aagzmcz,hierarchical_rf_1.1.0
ZTF22aalfmec,hierarchical_rf_1.1.0
ZTF22aaoolua,hierarchical_rf_1.1.0
ZTF22abbtqnp,lc_classifier_1.1.13
ZTF22abfrkoh,hierarchical_rf_1.1.0
ZTF22abllclb,hierarchical_rf_1.1.0
ZTF22abmonux,hierarchical_rf_1.1.0
ZTF22abwtqeb,hierarchical_rf_1.1.0
ZTF23aaazffe,hierarchical_rf_1.1.0
ZTF23aadaxfn,hierarchical_rf_1.1.0
ZTF23aaecgwh,hierarchical_rf_1.1.0
ZTF23aaemnzd,hierarchical_rf_1.1.0
ZTF23aafwykt,hierarchical_rf_1.1.0
ZTF23aahnmag,hierarchical_rf_1.1.0
ZTF23aajakys,hierarchical_rf_1.1.0
ZTF23aakstht,hierarchical_rf_1.1.0
ZTF23aamzljd,hierarchical_rf_1.1.0
ZTF23aawtmcf,hierarchical_rf_1.1.0
ZTF23abaxlrz,hierarchical_rf_1.1.0
ZTF23abbskff,hierarchical_rf_1.1.0
ZTF23abcglga,hierarchical_rf_1.1.0
ZTF23abjrolk,hierarchical_rf_1.1.0
ZTF23abomtjc,lc_classifier_1.1.13
ZTF23absgcqv,lc_classifier_1.1.13
ZTF24aaabybk,lc_classifier_1.1.13
ZTF24aacjcwl,lc_classifier_1.1.13
ZTF24aagtmbq,lc_classifier_1.1.13
ZTF24abhhzrp,lc_classifier_1.1.13
ZTF24abiwzzc,lc_classifier_1.1.13
ZTF24abltheg,lc_classifier_1.1.13
ZTF24abnafgr,lc_classifier_1.1.13
ZTF24abncuhj,lc_classifier_1.1.13
ZTF24abnsght,lc_classifier_1.1.13
ZTF24abqbyxd,lc_classifier_1.1.13
ZTF24absznoi,lc_classifier_1.1.13
ZTF24abtnkbi,lc_classifier_1.1.13
ZTF25aaadytl,lc_classifier_1.1.13
ZTF25aafdnuf,lc_classifier_1.1.13
ZTF25abclliu,lc_classifier_1.1.13
ZTF25ablulax,lc_classifier_1.1.13
ZTF25abqsbxy,lc_classifier_1.1.13
ZTF25abyevmr,lc_classifier_1.1.13
ZTF18aawigkf,lc_classifier_1.1.13
ZTF18abfzfcv,hierarchical_rf_1.1.0
ZTF18abojpnr,hierarchical_rf_1.1.0
ZTF18acbzvpg,hierarchical_rf_1.1.0
ZTF18acnmifq,hierarchical_rf_1.1.0
ZTF18acqxyiq,hierarchical_rf_1.1.0
ZTF18acrcyqw,hierarchical_rf_1.1.0
ZTF19aadpqnb,hierarchical_rf_1.1.0
ZTF19aaejtof,hierarchical_rf_1.1.0
ZTF19aaknate,hierarchical_rf_1.1.0
ZTF19aanbpus,hierarchical_rf_1.1.0
ZTF19aapadxs,hierarchical_rf_1.1.0
ZTF19aarfkch,hierarchical_rf_1.1.0
ZTF19aaugupw,hierarchical_rf_1.1.0
ZTF19aazwnwy,hierarchical_rf_1.1.0
ZTF19abbthwy,hierarchical_rf_1.1.0
ZTF19abgfuhh,hierarchical_rf_1.1.0
ZTF19abqmsnk,hierarchical_rf_1.1.0
ZTF19abqykei,hierarchical_rf_1.1.0
ZTF19abxjrge,hierarchical_rf_1.1.0
ZTF19abxtcio,hierarchical_rf_1.1.0
ZTF19ackjene,hierarchical_rf_1.1.0
ZTF19acxxwvi,hierarchical_rf_1.1.0
ZTF19acyjjni,hierarchical_rf_1.1.0
ZTF20aahgejq,hierarchical_rf_1.1.0
ZTF20aatzhhl,hierarchical_rf_1.1.0
ZTF20aaxhzhc,hierarchical_rf_1.1.0
ZTF20abfcrzj,hierarchical_rf_1.1.0
ZTF20abwzqzo,hierarchical_rf_1.1.0
ZTF20acgiglu,hierarchical_rf_1.1.0
ZTF20actqnhg,hierarchical_rf_1.1.0
ZTF20acusecr,hierarchical_rf_1.1.0
ZTF20acwhpmj,hierarchical_rf_1.1.0
ZTF20acwnqcy,hierarchical_rf_1.1.0
ZTF20acwqqjs,hierarchical_rf_1.1.0
ZTF21aalimya,hierarchical_rf_1.1.0
ZTF21aanrhag,hierarchical_rf_1.1.0
ZTF21aaoiaar,hierarchical_rf_1.1.0
ZTF21aaquyqa,hierarchical_rf_1.1.0
ZTF21aaqvsvw,hierarchical_rf_1.1.0
ZTF21aastzsn,hierarchical_rf_1.1.0
ZTF21aaxxmvs,hierarchical_rf_1.1.0
ZTF21aayfnjz,hierarchical_rf_1.1.0
ZTF21abfjlxb,hierarchical_rf_1.1.0
ZTF21abfoace,hierarchical_rf_1.1.0
ZTF21abidrcn,hierarchical_rf_1.1.0
ZTF21abmxkcq,hierarchical_rf_1.1.0
ZTF21abnuldi,hierarchical_rf_1.1.0
ZTF21abotose,hierarchical_rf_1.1.0
ZTF21abrgbex,hierarchical_rf_1.1.0
ZTF21abyqrli,hierarchical_rf_1.1.0
ZTF21acizlcg,hierarchical_rf_1.1.0
ZTF22aaecdin,hierarchical_rf_1.1.0
ZTF22aafrjnw,hierarchical_rf_1.1.0
ZTF22aahgvlx,hierarchical_rf_1.1.0
ZTF22aaotgrc,hierarchical_rf_1.1.0
ZTF22aasjwqv,hierarchical_rf_1.1.0
ZTF22aawcmcr,hierarchical_rf_1.1.0
ZTF22aazuuin,hierarchical_rf_1.1.0
ZTF22abbtzfm,hierarchical_rf_1.1.0
ZTF22abgibib,hierarchical_rf_1.1.0
ZTF22ablvnwa,hierarchical_rf_1.1.0
ZTF22abnvncn,hierarchical_rf_1.1.0
ZTF23aaawbsc,hierarchical_rf_1.1.0
ZTF23aadtrws,hierarchical_rf_1.1.0
ZTF23aaesmsf,hierarchical_rf_1.1.0
ZTF23aaialcw,hierarchical_rf_1.1.0
ZTF23aazjwtl,hierarchical_rf_1.1.0
ZTF23abfpegt,hierarchical_rf_1.1.0
ZTF23abjrolf,hierarchical_rf_1.1.0
ZTF23abobwsd,hierarchical_rf_1.1.0
ZTF23abspaqj,lc_classifier_1.1.13
ZTF23abtdizt,lc_classifier_1.1.13
ZTF24aahaanm,lc_classifier_1.1.13
ZTF24aaknlar,lc_classifier_1.1.13
ZTF24aaoosca,lc_classifier_1.1.13
ZTF24abkbany,lc_classifier_1.1.13
ZTF24abzsuck,lc_classifier_1.1.13
ZTF25aagzocg,lc_classifier_1.1.13
ZTF25aatclux,lc_classifier_1.1.13
ZTF25abogteg,lc_classifier_1.1.13
ZTF25abwjtwc,lc_classifier_1.1.13
ZTF25abwkieo,lc_classifier_1.1.13
ZTF25acctbaz,lc_classifier_1.1.13
ZTF25ackyfnb,lc_classifier_1.1.13
ZTF18aadmssd,hierarchical_rf_1.1.0
ZTF18abltfho,hierarchical_rf_1.1.0
ZTF18acvgjqv,hierarchical_rf_1.1.0
ZTF18aczuooo,hierarchical_rf_1.1.0
ZTF18adbmrug,hierarchical_rf_1.1.0
ZTF19aacjbsj,hierarchical_rf_1.1.0
ZTF19aadgimr,hierarchical_rf_1.1.0
ZTF19aaksxgp,hierarchical_rf_1.1.0
ZTF19aamkmxv,hierarchical_rf_1.1.0
ZTF19aanfqug,hierarchical_rf_1.1.0
ZTF19aanqzhm,hierarchical_rf_1.1.0
ZTF19aaozsuh,hierarchical_rf_1.1.0
ZTF19aapzbjr,hierarchical_rf_1.1.0
ZTF19aasekcx,hierarchical_rf_1.1.0
ZTF19aavjukt,hierarchical_rf_1.1.0
ZTF19abdviwl,hierarchical_rf_1.1.0
ZTF19abecaca,hierarchical_rf_1.1.0
ZTF19abgndlf,hierarchical_rf_1.1.0
ZTF19ablojrw,hierarchical_rf_1.1.0
ZTF19abpidqn,hierarchical_rf_1.1.0
ZTF19abstsvm,hierarchical_rf_1.1.0
ZTF19abulzhy,hierarchical_rf_1.1.0
ZTF19acapech,hierarchical_rf_1.1.0
ZTF19aceqlxc,hierarchical_rf_1.1.0
ZTF19acftude,hierarchical_rf_1.1.0
ZTF19acukucu,hierarchical_rf_1.1.0
ZTF19acyjviz,hierarchical_rf_1.1.0
ZTF19acyjysk,hierarchical_rf_1.1.0
ZTF19acyldun,hierarchical_rf_1.1.0
ZTF19adannbl,hierarchical_rf_1.1.0
ZTF20aaaddgy,hierarchical_rf_1.1.0
ZTF20aacbyec,hierarchical_rf_1.1.0
ZTF20aadtarr,hierarchical_rf_1.1.0
ZTF20aadxrvb,hierarchical_rf_1.1.0
ZTF20aadyyvk,hierarchical_rf_1.1.0
ZTF20aamrreb,hierarchical_rf_1.1.0
ZTF20aattztb,hierarchical_rf_1.1.0
ZTF20aaurfwa,hierarchical_rf_1.1.0
ZTF20aavhixe,hierarchical_rf_1.1.0
ZTF20aawijco,hierarchical_rf_1.1.0
ZTF20abonvte,hierarchical_rf_1.1.0
ZTF20abpmqnr,hierarchical_rf_1.1.0
ZTF20abqgbum,hierarchical_rf_1.1.0
ZTF20abtjjhb,hierarchical_rf_1.1.0
ZTF20abyxjvm,hierarchical_rf_1.1.0
ZTF20abzjoxd,hierarchical_rf_1.1.0
ZTF20acbekkx,hierarchical_rf_1.1.0
ZTF20achjwqt,hierarchical_rf_1.1.0
ZTF20acklcyp,hierarchical_rf_1.1.0
ZTF20aclkvjy,hierarchical_rf_1.1.0
ZTF20acqgklx,hierarchical_rf_1.1.0
ZTF20acqqdkl,hierarchical_rf_1.1.0
ZTF20actkulc,hierarchical_rf_1.1.0
ZTF20acveyyv,hierarchical_rf_1.1.0
ZTF20acwobku,hierarchical_rf_1.1.0
ZTF21aagnqnz,hierarchical_rf_1.1.0
ZTF21aahfjrr,hierarchical_rf_1.1.0
ZTF21aakupth,hierarchical_rf_1.1.0
ZTF21aaoqbbw,hierarchical_rf_1.1.0
ZTF21aaowaxx,hierarchical_rf_1.1.0
ZTF21aappkns,hierarchical_rf_1.1.0
ZTF21aaqhqke,hierarchical_rf_1.1.0
ZTF21aaradzm,hierarchical_rf_1.1.0
ZTF21aarcobt,hierarchical_rf_1.1.0
ZTF21aautijg,hierarchical_rf_1.1.0
ZTF21aavuqzr,hierarchical_rf_1.1.0
ZTF21aaxtije,hierarchical_rf_1.1.0
ZTF21aaydxoo,hierarchical_rf_1.1.0
ZTF21aaygmrl,hierarchical_rf_1.1.0
ZTF21aazgkjf,hierarchical_rf_1.1.0
ZTF21abccdld,hierarchical_rf_1.1.0
ZTF21abebgfr,hierarchical_rf_1.1.0
ZTF21abghumo,hierarchical_rf_1.1.0
ZTF21abgjldn,hierarchical_rf_1.1.0
ZTF21abhibro,hierarchical_rf_1.1.0
ZTF21abhqqfa,hierarchical_rf_1.1.0
ZTF21abjhiqp,hierarchical_rf_1.1.0
ZTF21abpmlxu,hierarchical_rf_1.1.0
ZTF21abpxquj,hierarchical_rf_1.1.0
ZTF21abtorlk,hierarchical_rf_1.1.0
ZTF21abujgmr,hierarchical_rf_1.1.0
ZTF21abxlmuw,hierarchical_rf_1.1.0
ZTF21accgsbf,hierarchical_rf_1.1.0
ZTF21acckcni,hierarchical_rf_1.1.0
ZTF22aadesjc,hierarchical_rf_1.1.0
ZTF22aaetqzk,hierarchical_rf_1.1.0
ZTF22aafnzvd,hierarchical_rf_1.1.0
ZTF22aagvtzz,hierarchical_rf_1.1.0
ZTF22aagvxjc,hierarchical_rf_1.1.0
ZTF22aahedwz,hierarchical_rf_1.1.0
ZTF22aajcupz,hierarchical_rf_1.1.0
ZTF22aanesux,hierarchical_rf_1.1.0
ZTF22aanjyae,hierarchical_rf_1.1.0
ZTF22aanwibf,hierarchical_rf_1.1.0
ZTF22aaohilj,hierarchical_rf_1.1.0
ZTF22aapkbkl,hierarchical_rf_1.1.0
ZTF22aapmawo,hierarchical_rf_1.1.0
ZTF22aarrawv,hierarchical_rf_1.1.0
ZTF22aasoali,hierarchical_rf_1.1.0
ZTF22aatfjcy,hierarchical_rf_1.1.0
ZTF22aawfeov,hierarchical_rf_1.1.0
ZTF22aazbxmi,hierarchical_rf_1.1.0
ZTF22abeyzcl,hierarchical_rf_1.1.0
ZTF22abfnfud,hierarchical_rf_1.1.0
ZTF22abfyvhf,hierarchical_rf_1.1.0
ZTF22abghrui,hierarchical_rf_1.1.0
ZTF22abizuah,hierarchical_rf_1.1.0
ZTF22abqseiq,hierarchical_rf_1.1.0
ZTF22abtcpig,hierarchical_rf_1.1.0
ZTF22abtsypf,hierarchical_rf_1.1.0
ZTF23aaabzea,hierarchical_rf_1.1.0
ZTF23aaarwbd,hierarchical_rf_1.1.0
ZTF23aablgzj,hierarchical_rf_1.1.0
ZTF23aadtvmb,hierarchical_rf_1.1.0
ZTF23aaecexq,hierarchical_rf_1.1.0
ZTF23aajjzbm,hierarchical_rf_1.1.0
ZTF23aajkisd,hierarchical_rf_1.1.0
ZTF23aalgqsq,hierarchical_rf_1.1.0
ZTF23aansdlc,hierarchical_rf_1.1.0
ZTF23aapsuva,hierarchical_rf_1.1.0
ZTF23aaquolj,hierarchical_rf_1.1.0
ZTF23aatdcey,hierarchical_rf_1.1.0
ZTF23aavmthe,hierarchical_rf_1.1.0
ZTF23aavtugd,hierarchical_rf_1.1.0
ZTF23aavvckk,hierarchical_rf_1.1.0
ZTF23aaxldkr,hierarchical_rf_1.1.0
ZTF23abfglcy,hierarchical_rf_1.1.0
ZTF23abgnxri,hierarchical_rf_1.1.0
ZTF23abjhwem,hierarchical_rf_1.1.0
ZTF23abjikaf,hierarchical_rf_1.1.0
ZTF23abjvuwc,hierarchical_rf_1.1.0
ZTF23absdibx,lc_classifier_1.1.13
ZTF24aaabljq,lc_classifier_1.1.13
ZTF24aafqxmg,lc_classifier_1.1.13
ZTF24aahdfdo,lc_classifier_1.1.13
ZTF24aaifila,lc_classifier_1.1.13
ZTF24aaisnlp,lc_classifier_1.1.13
ZTF24aaleeji,lc_classifier_1.1.13
ZTF24aatjphv,lc_classifier_1.1.13
ZTF24aayqrow,lc_classifier_1.1.13
ZTF24abkpuna,lc_classifier_1.1.13
ZTF24abpiwwi,lc_classifier_1.1.13
ZTF24abrumcf,lc_classifier_1.1.13
ZTF24abuvlqg,lc_classifier_1.1.13
ZTF24abxpkhb,lc_classifier_1.1.13
ZTF25aafofmu,lc_classifier_1.1.13
ZTF25aagbrpb,lc_classifier_1.1.13
ZTF25aagtjfn,lc_classifier_1.1.13
ZTF25aapsisw,lc_classifier_1.1.13
ZTF25aaqqfkv,lc_classifier_1.1.13
ZTF25abbzfjz,lc_classifier_1.1.13
ZTF25abcznka,lc_classifier_1.1.13
ZTF25abgvdwu,lc_classifier_1.1.13
ZTF25abjjlgl,lc_classifier_1.1.13
ZTF25abpzwne,lc_classifier_1.1.13
ZTF25abxqslz,lc_classifier_1.1.13
ZTF25acgorke,lc_classifier_1.1.13
ZTF18aapifti,hierarchical_rf_1.1.0
ZTF18aaszvfn,hierarchical_rf_1.1.0
ZTF18aatlfus,hierarchical_rf_1.1.0
ZTF18abcfdzu,hierarchical_rf_1.1.0
ZTF18abfzixe,hierarchical_rf_1.1.0
ZTF18abrlljc,hierarchical_rf_1.1.0
ZTF18acbwasc,hierarchical_rf_1.1.0
ZTF18accnmri,hierarchical_rf_1.1.0
ZTF18adowxvg,lc_classifier_1.1.13
ZTF19aadnxog,hierarchical_rf_1.1.0
ZTF19aauqwna,hierarchical_rf_1.1.0
ZTF19aavbkly,hierarchical_rf_1.1.0
ZTF19aavjzrz,hierarchical_rf_1.1.0
ZTF19aavkptg,hierarchical_rf_1.1.0
ZTF19abiahko,hierarchical_rf_1.1.0
ZTF19abqyoxj,hierarchical_rf_1.1.0
ZTF19abrtjsf,hierarchical_rf_1.1.0
ZTF19abtslqm,hierarchical_rf_1.1.0
ZTF19abzgdfu,hierarchical_rf_1.1.0
ZTF19acbhvgi,hierarchical_rf_1.1.0
ZTF19aceckht,hierarchical_rf_1.1.0
ZTF19acftfav,hierarchical_rf_1.1.0
ZTF19achjqbk,hierarchical_rf_1.1.0
ZTF19actfxcd,hierarchical_rf_1.1.0
ZTF20aaspvan,hierarchical_rf_1.1.0
ZTF20abwftit,hierarchical_rf_1.1.0
ZTF20abxmwwd,hierarchical_rf_1.1.0
ZTF20accmutv,hierarchical_rf_1.1.0
ZTF20acfkzcg,hierarchical_rf_1.1.0
ZTF20acngnrs,hierarchical_rf_1.1.0
ZTF20acprmuv,hierarchical_rf_1.1.0
ZTF21aaabwem,hierarchical_rf_1.1.0
ZTF21aajgdeu,hierarchical_rf_1.1.0
ZTF21aakvroo,hierarchical_rf_1.1.0
ZTF21acceboj,hierarchical_rf_1.1.0
ZTF21acheiti,hierarchical_rf_1.1.0
ZTF21aciobmz,hierarchical_rf_1.1.0
ZTF21acjxiqw,hierarchical_rf_1.1.0
ZTF22aaijrci,hierarchical_rf_1.1.0
ZTF22aajivyw,hierarchical_rf_1.1.0
ZTF22aapqaqe,hierarchical_rf_1.1.0
ZTF22abhsxph,hierarchical_rf_1.1.0
ZTF22abykdbm,hierarchical_rf_1.1.0
ZTF23aaelqpq,hierarchical_rf_1.1.0
ZTF23abawdgm,hierarchical_rf_1.1.0
ZTF23abjrdem,hierarchical_rf_1.1.0
ZTF23abkhajf,hierarchical_rf_1.1.0
ZTF23absirul,lc_classifier_1.1.13
ZTF24aaejjps,lc_classifier_1.1.13
ZTF24aahewml,lc_classifier_1.1.13
ZTF24aaibcrw,lc_classifier_1.1.13
ZTF24abljlku,lc_classifier_1.1.13
ZTF24abqlxaf,lc_classifier_1.1.13
ZTF25abbslda,lc_classifier_1.1.13
ZTF25abwjmwj,lc_classifier_1.1.13
ZTF18aahatvc,hierarchical_rf_1.1.0
ZTF18aapictz,hierarchical_rf_1.1.0
ZTF18aaqqoqs,hierarchical_rf_1.1.0
ZTF18aaumeys,hierarchical_rf_1.1.0
ZTF18aavrmlf,hierarchical_rf_1.1.0
ZTF18aaytovs,hierarchical_rf_1.1.0
ZTF18abauprj,hierarchical_rf_1.1.0
ZTF18abfcsjs,lc_classifier_1.1.13
ZTF18abgmcmv,hierarchical_rf_1.1.0
ZTF18abhgrff,hierarchical_rf_1.1.0
ZTF18abmkaps,hierarchical_rf_1.1.0
ZTF18accngee,hierarchical_rf_1.1.0
ZTF18acmvcme,hierarchical_rf_1.1.0
ZTF18acnbgpw,hierarchical_rf_1.1.0
ZTF19aalzmmt,hierarchical_rf_1.1.0
ZTF19aamfxby,hierarchical_rf_1.1.0
ZTF19aaocbes,hierarchical_rf_1.1.0
ZTF19aarifvr,hierarchical_rf_1.1.0
ZTF19aarprog,hierarchical_rf_1.1.0
ZTF19aavidqf,hierarchical_rf_1.1.0
ZTF19aawwlxc,hierarchical_rf_1.1.0
ZTF19aaxffum,hierarchical_rf_1.1.0
ZTF19abdkdir,hierarchical_rf_1.1.0
ZTF19abjarhj,hierarchical_rf_1.1.0
ZTF19abjswdz,hierarchical_rf_1.1.0
ZTF19abqrrto,hierarchical_rf_1.1.0
ZTF19abqsojs,hierarchical_rf_1.1.0
ZTF19abzvvkb,hierarchical_rf_1.1.0
ZTF19acbjlnt,hierarchical_rf_1.1.0
ZTF19acgemqj,hierarchical_rf_1.1.0
ZTF19achjpyc,hierarchical_rf_1.1.0
ZTF19acigkma,hierarchical_rf_1.1.0
ZTF19acordoi,hierarchical_rf_1.1.0
ZTF19acxxwiz,hierarchical_rf_1.1.0
ZTF20aaiaaoi,hierarchical_rf_1.1.0
ZTF20aakodiq,hierarchical_rf_1.1.0
ZTF20aamfpcj,hierarchical_rf_1.1.0
ZTF20aaosoct,hierarchical_rf_1.1.0
ZTF20abkrwdu,hierarchical_rf_1.1.0
ZTF20abvqibv,hierarchical_rf_1.1.0
ZTF20acbttnt,hierarchical_rf_1.1.0
ZTF20achrklb,hierarchical_rf_1.1.0
ZTF20acobxlz,hierarchical_rf_1.1.0
ZTF20acopmey,hierarchical_rf_1.1.0
ZTF20acpwjus,hierarchical_rf_1.1.0
ZTF20acqfssi,hierarchical_rf_1.1.0
ZTF20acwnrty,hierarchical_rf_1.1.0
ZTF20aczgoml,hierarchical_rf_1.1.0
ZTF21aaahliy,hierarchical_rf_1.1.0
ZTF21aaahyjj,hierarchical_rf_1.1.0
ZTF21aagtqgz,hierarchical_rf_1.1.0
ZTF21aagxmfv,hierarchical_rf_1.1.0
ZTF21aajtsba,hierarchical_rf_1.1.0
ZTF21aamucom,hierarchical_rf_1.1.0
ZTF21aanrvcq,hierarchical_rf_1.1.0
ZTF21aapjmpq,hierarchical_rf_1.1.0
ZTF21aapvxnf,hierarchical_rf_1.1.0
ZTF21aatnxwt,hierarchical_rf_1.1.0
ZTF21aauapli,hierarchical_rf_1.1.0
ZTF21aavhlok,hierarchical_rf_1.1.0
ZTF21aaxtrlt,hierarchical_rf_1.1.0
ZTF21abbxdcm,hierarchical_rf_1.1.0
ZTF21abegynu,hierarchical_rf_1.1.0
ZTF21abfflmp,hierarchical_rf_1.1.0
ZTF21abhshmt,hierarchical_rf_1.1.0
ZTF21abienbe,hierarchical_rf_1.1.0
ZTF21abqsysj,hierarchical_rf_1.1.0
ZTF21abujefa,hierarchical_rf_1.1.0
ZTF21acdalyp,hierarchical_rf_1.1.0
ZTF21acfccil,hierarchical_rf_1.1.0
ZTF21acfqldh,hierarchical_rf_1.1.0
ZTF21acgyciq,hierarchical_rf_1.1.0
ZTF21achaxze,hierarchical_rf_1.1.0
ZTF21achcwnd,hierarchical_rf_1.1.0
ZTF21achdxdn,hierarchical_rf_1.1.0
ZTF22aaettxg,hierarchical_rf_1.1.0
ZTF22aahhvqj,hierarchical_rf_1.1.0
ZTF22aaijnqy,hierarchical_rf_1.1.0
ZTF22aakndny,hierarchical_rf_1.1.0
ZTF22aalizik,hierarchical_rf_1.1.0
ZTF22aalpfln,hierarchical_rf_1.1.0
ZTF22aasppdz,hierarchical_rf_1.1.0
ZTF22aaznbmz,hierarchical_rf_1.1.0
ZTF22abegjkl,hierarchical_rf_1.1.0
ZTF22abghdno,hierarchical_rf_1.1.0
ZTF22abmygmc,hierarchical_rf_1.1.0
ZTF22abnehge,hierarchical_rf_1.1.0
ZTF22abnfsjo,hierarchical_rf_1.1.0
ZTF22abnxovx,hierarchical_rf_1.1.0
ZTF22aboapcj,hierarchical_rf_1.1.0
ZTF22absygcs,hierarchical_rf_1.1.0
ZTF22abubrek,hierarchical_rf_1.1.0
ZTF22abynlvk,hierarchical_rf_1.1.0
ZTF23aadjpsn,hierarchical_rf_1.1.0
ZTF23aadvpwt,hierarchical_rf_1.1.0
ZTF23aaeieqk,hierarchical_rf_1.1.0
ZTF23aaghvsv,hierarchical_rf_1.1.0
ZTF23aakprat,hierarchical_rf_1.1.0
ZTF23aaynddf,hierarchical_rf_1.1.0
ZTF23abankfn,hierarchical_rf_1.1.0
ZTF23abauieq,hierarchical_rf_1.1.0
ZTF23abcvqkd,hierarchical_rf_1.1.0
ZTF23abffvrm,hierarchical_rf_1.1.0
ZTF23abjxqwr,hierarchical_rf_1.1.0
ZTF23abofyzh,hierarchical_rf_1.1.0
ZTF23abqbpob,lc_classifier_1.1.13
ZTF23abvbwys,lc_classifier_1.1.13
ZTF24aaheeel,lc_classifier_1.1.13
ZTF24aahnnsa,lc_classifier_1.1.13
ZTF24aaiaaxr,lc_classifier_1.1.13
ZTF24aaosmwq,lc_classifier_1.1.13
ZTF24aaqzycc,lc_classifier_1.1.13
ZTF24abqqoxy,lc_classifier_1.1.13
ZTF24abzsmux,lc_classifier_1.1.13
ZTF25aaqgddb,lc_classifier_1.1.13
ZTF25aaudpzv,lc_classifier_1.1.13
ZTF25aawterb,lc_classifier_1.1.13
ZTF25abuvoav,lc_classifier_1.1.13
ZTF25acgqggy,lc_classifier_1.1.13
ZTF25acgqhjx,lc_classifier_1.1.13
ZTF18abltdfj,hierarchical_rf_1.1.0
ZTF19aanhgqg,hierarchical_rf_1.1.0
ZTF19abhibzk,hierarchical_rf_1.1.0
ZTF20abegopd,hierarchical_rf_1.1.0
ZTF20abjapav,hierarchical_rf_1.1.0
ZTF20acgkuay,hierarchical_rf_1.1.0
ZTF20acvbrbv,hierarchical_rf_1.1.0
ZTF21aawihwx,hierarchical_rf_1.1.0
ZTF21abulrsl,hierarchical_rf_1.1.0
ZTF21abyguqw,hierarchical_rf_1.1.0
ZTF21acincqb,hierarchical_rf_1.1.0
ZTF22aajjdkr,hierarchical_rf_1.1.0
ZTF22aakejxf,hierarchical_rf_1.1.0
ZTF22abfwihc,hierarchical_rf_1.1.0
ZTF22abmdqzf,hierarchical_rf_1.1.0
ZTF22abtcsar,hierarchical_rf_1.1.0
ZTF22abunjts,hierarchical_rf_1.1.0
ZTF22abveefy,hierarchical_rf_1.1.0
ZTF23aafgazi,hierarchical_rf_1.1.0
ZTF23ablrwcj,hierarchical_rf_1.1.0
ZTF25aacaoby,lc_classifier_1.1.13
ZTF18acyxnyw,hierarchical_rf_1.1.0
ZTF19aanesgt,hierarchical_rf_1.1.0
ZTF19aarphwc,hierarchical_rf_1.1.0
ZTF19aavouyw,hierarchical_rf_1.1.0
ZTF19aawfbtg,hierarchical_rf_1.1.0
ZTF19abfvnns,hierarchical_rf_1.1.0
ZTF19abnacvf,hierarchical_rf_1.1.0
ZTF19abpbopt,hierarchical_rf_1.1.0
ZTF19abxgmzr,hierarchical_rf_1.1.0
ZTF19acbonaa,hierarchical_rf_1.1.0
ZTF19acfwynw,hierarchical_rf_1.1.0
ZTF19acgjpgh,hierarchical_rf_1.1.0
ZTF19ackjrru,hierarchical_rf_1.1.0
ZTF19adaivcf,hierarchical_rf_1.1.0
ZTF20aahbfmf,hierarchical_rf_1.1.0
ZTF20aaifybu,hierarchical_rf_1.1.0
ZTF20aattyuz,hierarchical_rf_1.1.0
ZTF20aayprqz,hierarchical_rf_1.1.0
ZTF20abobpcb,hierarchical_rf_1.1.0
ZTF20abpuwxl,hierarchical_rf_1.1.0
ZTF20acphdcg,hierarchical_rf_1.1.0
ZTF20acpyldh,hierarchical_rf_1.1.0
ZTF21aaarmti,hierarchical_rf_1.1.0
ZTF21aagpymw,hierarchical_rf_1.1.0
ZTF21aalhtgv,hierarchical_rf_1.1.0
ZTF21aavdqgf,hierarchical_rf_1.1.0
ZTF21abbqeea,hierarchical_rf_1.1.0
ZTF21abcpsjy,hierarchical_rf_1.1.0
ZTF21abrqria,hierarchical_rf_1.1.0
ZTF21absyjff,hierarchical_rf_1.1.0
ZTF21accwovq,hierarchical_rf_1.1.0
ZTF22aadeuwu,hierarchical_rf_1.1.0
ZTF22aadqgoa,hierarchical_rf_1.1.0
ZTF22aakyeps,lc_classifier_1.1.13
ZTF22aarqrxf,hierarchical_rf_1.1.0
ZTF22abcvfgs,hierarchical_rf_1.1.0
ZTF22abkbmob,hierarchical_rf_1.1.0
ZTF22abvcnnl,hierarchical_rf_1.1.0
ZTF23aaccacy,hierarchical_rf_1.1.0
ZTF23aazodoj,hierarchical_rf_1.1.0
ZTF23abjhbcr,hierarchical_rf_1.1.0
ZTF23abvokyz,lc_classifier_1.1.13
ZTF24aacrbua,lc_classifier_1.1.13
ZTF24aadfmaf,lc_classifier_1.1.13
ZTF24aagfeti,lc_classifier_1.1.13
ZTF24aagterj,lc_classifier_1.1.13
ZTF24aaysowl,lc_classifier_1.1.13
ZTF24abtmueg,lc_classifier_1.1.13
ZTF25aajbcmc,lc_classifier_1.1.13
ZTF25aanxtou,lc_classifier_1.1.13
ZTF25aaxegmh,lc_classifier_1.1.13
ZTF25abixhdc,lc_classifier_1.1.13
ZTF25abmjfcf,lc_classifier_1.1.13
ZTF25abxfsza,lc_classifier_1.1.13
ZTF25acemaph,lc_classifier_1.1.13
ZTF17aaazdba,hierarchical_rf_1.1.0
ZTF19aabbnzo,hierarchical_rf_1.1.0
ZTF19aapreis,hierarchical_rf_1.1.0
ZTF19aarioci,hierarchical_rf_1.1.0
ZTF19abidbya,hierarchical_rf_1.1.0
ZTF19abzrhgq,hierarchical_rf_1.1.0
ZTF20aabqihu,hierarchical_rf_1.1.0
ZTF20abfcszi,hierarchical_rf_1.1.0
ZTF20abgwfek,hierarchical_rf_1.1.0
ZTF20acaazkt,hierarchical_rf_1.1.0
ZTF20acitpfz,hierarchical_rf_1.1.0
ZTF20acnznms,hierarchical_rf_1.1.0
ZTF21abcgnqn,hierarchical_rf_1.1.0
ZTF21abhrchb,hierarchical_rf_1.1.0
ZTF21abjrysr,hierarchical_rf_1.1.0
ZTF21abqtckk,hierarchical_rf_1.1.0
ZTF21abxngcz,hierarchical_rf_1.1.0
ZTF22aagvrlq,hierarchical_rf_1.1.0
ZTF22aagyuao,hierarchical_rf_1.1.0
ZTF22aavvqyh,hierarchical_rf_1.1.0
ZTF22abegjtx,hierarchical_rf_1.1.0
ZTF22abkfhua,hierarchical_rf_1.1.0
ZTF23aapyidj,hierarchical_rf_1.1.0
ZTF23aaqdjhi,hierarchical_rf_1.1.0
ZTF24aajvvhj,lc_classifier_1.1.13
ZTF24abjfuew,lc_classifier_1.1.13
ZTF24abmybnp,lc_classifier_1.1.13
ZTF24abyhjvc,lc_classifier_1.1.13
ZTF25aajfjhm,lc_classifier_1.1.13
ZTF25aaymnha,lc_classifier_1.1.13
