rf_snia_vs_nonia,snn_snia_vs_nonia,ndethist,n_alerts,oid,spectroscopic_type,alerce_class
0.0,0.4521928132,3,19,ZTF21aaewexx,SN Ia,SNIa
0.0,0.0,1,9,ZTF25aairenk,SN Ia,SNIa
0.0,0.6539441943,6,20,ZTF22aauuxul,SN Ia,SNIa
0.0,0.0,2,21,ZTF23abhafym,SN Ia,SNIa
0.0,0.0,1,32,ZTF24abqldco,SN Ia,SNIa
0.0,0.0,1,27,ZTF23aaqmfgs,SN Ia,SNIa
0.0,0.3707976341,3,6,ZTF19acygjgx,SN Ia,SNIa
0.0,0.5176021457,2,27,ZTF22aalsbwt,SN Ia,SNIa
0.158,0.1609062254,10,3,ZTF19acelcan,SN Ia,SNIa
0.0,0.0,2,11,ZTF23aaaboss,SN Ia,SNIa
0.0,0.6104118228,8,14,ZTF20acoyyly,SN Ia,SNIa
0.0,0.0,2,14,ZTF21abhthvj,SN Ia,SNIa
0.0,0.580959022,6,30,ZTF21aaqzkhx,SN Ia,SNIa
0.0,0.0,297,2,ZTF19abimlck,SN Ia,SNIa
0.046,0.646861136,4,26,ZTF20actpuan,SN Ia,SNIa
0.0,0.0,71,23,ZTF18aamzgzi,SN Ia,SNIa
0.0,0.0,2,22,ZTF22abnuakd,SN Ia,SNIa
0.0,0.0,5,19,ZTF21aaphvyi,SN Ia,SNIa
0.0,0.0,1,19,ZTF22abgawlh,SN Ia,SNIa
0.0,0.5757773519,2,16,ZTF20acsesce,SN Ia,SNIa
0.0,0.5530206561,11,22,ZTF22abatsyj,SN Ia,SNIa
0.0,0.0,1,20,ZTF20achkgng,SN Ia,SNIa
0.0,0.3435795307,2,21,ZTF20acxzkkf,SN Ia,SNIa
0.0,0.0,22,7,ZTF18acaezsx,SN Ia,SNIa
0.0,0.0,6,18,ZTF18aajivpr,SN Ia,SNIa
0.046,0.6298852563,9,80,ZTF19acrdqej,SN Ia,SNIa
0.0,0.6295336485,6,7,ZTF22absqvgm,SN Ia,SNIa
0.0,0.4629253745,19,25,ZTF20abnrdse,SN Ia,SNIa
0.0,0.5779848099,3,25,ZTF21aaqpykm,SN Ia,SNIa
0.0,0.5072673559,2,24,ZTF22abizgac,SN Ia,SNIa
0.0,0.7051187158,122,42,ZTF19abvhduf,SN Ia,SNIa
0.0,0.0,1,11,ZTF23aabmevr,SN Ia,SNIa
0.0,0.0,5,9,ZTF22aaoidkm,SN Ia,SNIa
0.0,0.0,1,113,ZTF25aaxeojh,SN Ia,SNIa
0.0,0.5224194527,2,37,ZTF20abswjae,SN Ia,SNIa
0.0,0.0,4,26,ZTF22aaoewrn,SN Ia,SNIa
0.0,0.0,1,49,ZTF21abdlrpr,SN Ia,SNIa
0.233,0.0,8,11,ZTF23aawmbkn,SN Ia,SNIa
0.0,0.0,1,25,ZTF23abfroaw,SN Ia,SNIa
0.0,0.0,1,35,ZTF20acberbd,SN Ia,SNIa
0.0,0.5395878553,4,26,ZTF21acionva,SN Ia,SNIa
0.0,0.0,4,26,ZTF22aaemgsl,SN Ia,SNIa
0.0,0.6392766237,4,22,ZTF20aaurfcm,SN Ia,SNIa
0.0,0.3403779566,3,11,ZTF23aagphxh,SN Ia,SNIa
0.0,0.0,10,22,ZTF23abhshea,SN Ia,SNIa
0.0,0.0,1,14,ZTF21aasufxv,SN Ia,SNIa
0.0,0.5292745829,2,44,ZTF21abimejj,SN Ia,SNIa
0.0,0.5480644107,25,54,ZTF23aaoxngr,SN Ia,SNIa
0.0,0.0,1,18,ZTF25aaugeir,SN Ia,SNIa
0.0,0.0,1,15,ZTF20abavxpk,SN Ia,SNIa
0.0,0.0,2,22,ZTF20aauwjmw,SN Ia,SNIa
0.0,0.574858427,2,15,ZTF22aallgci,SN Ia,SNIa
0.0,0.9204778075,39,12,ZTF19aceuacu,SN Ia,SNIa
0.046,0.6167382002,4,41,ZTF20abahhml,SN Ia,SNIa
0.0,0.690467298,22,12,ZTF23aaxpfpa,SN Ia,SNIa
0.0,0.322363764,2,16,ZTF22aahiyfc,SN Ia,SNIa
0.0,0.0,6,35,ZTF20abxezim,SN Ia,SNIa
0.0,0.5759093761,4,15,ZTF21aaqdxzv,SN Ia,SNIa
0.0,0.0,2,15,ZTF22abfvzqg,SN Ia,SNIa
0.0,0.0,1,40,ZTF23aaajtan,SN Ia,SNIa
0.0,0.0,2,26,ZTF22abaiyyz,SN Ia,SNIa
0.0,0.5046410561,2,17,ZTF21abtgbwr,SN Ia,SNIa
0.0,0.0,1,27,ZTF25aceilra,SN Ia,SNIa
0.0,0.0,1,23,ZTF21aaskyvp,SN Ia,SNIa
0.0,0.0,98,34,ZTF19abfvovo,SN Ia,SNIa
0.0,0.0,1,30,ZTF24abamger,SN Ia,SNIa
0.0,0.0,2,47,ZTF18aavvnzu,SN Ia,SNIa
0.233,0.0,9,9,ZTF23abcsrwv,SN Ia,SNIa
0.143,0.7229175568,7,2,ZTF20aanaibf,SN Ia,SNIa
0.0,0.4698096812,4,18,ZTF22abamnmb,SN Ia,SNIa
0.0,0.0,1,48,ZTF21aaogifb,SN Ia,SNIa
0.0,0.0,14,39,ZTF18aakiwbs,SN Ia,SNIa
0.0,0.0,1,36,ZTF20aazdsjr,SN Ia,SNIa
0.0,0.0,1,21,ZTF21achxlkq,SN Ia,SNIa
0.0,0.0,2,31,ZTF22aaudeny,SN Ia,SNIa
0.0,0.0,2,14,ZTF23abfmlft,SN Ia,SNIa
0.0,0.4921618998,8,12,ZTF22absiyyk,SN Ia,SNIa
0.0,0.3946957588,4,14,ZTF21aaxvrva,SN Ia,SNIa
0.0,0.0,1,20,ZTF22abyjewt,SN Ia,SNIa
0.0,0.0,1,18,ZTF20abghgix,SN Ia,SNIa
0.0,0.5906308889,3,13,ZTF20acexvcz,SN Ia,SNIa
0.0,0.0,8,20,ZTF21aaasxel,SN Ia,SNIa
0.0,0.6001647711,4,18,ZTF21aagkhwf,SN Ia,SNIa
0.0,0.0,1,52,ZTF21abprzfg,SN Ia,SNIa
0.0,0.0,1,14,ZTF20aaxxhib,SN Ia,SNIa
0.0,0.0,1,46,ZTF20abmbycd,SN Ia,SNIa
0.0,0.7609851956,32,1,ZTF19acbkyma,SN Ia,SNIa
0.0,0.0,2,20,ZTF22abfvxlz,SN Ia,SNIa
0.0,0.0,2,20,ZTF22aalyumh,SN Ia,SNIa
0.046,0.6489369273,4,10,ZTF20aadfyjl,SN Ia,SNIa
0.0,0.0,3,35,ZTF21aapowty,SN Ia,SNIa
0.0,0.0,1,18,ZTF21abtuutw,SN Ia,SNIa
0.0,0.0,1,21,ZTF22abfjlue,SN Ia,SNIa
0.0,0.4528535604,2,21,ZTF20acmfacr,SN Ia,SNIa
0.0,0.0,1,14,ZTF24abnbcpd,SN Ia,SNIa
0.0,0.4112114906,3,54,ZTF23aapksof,SN Ia,SNIa
0.0,0.0,1,22,ZTF21aarhnwn,SN Ia,SNIa
0.0,0.5922553539,4,39,ZTF20abyskia,SN Ia,SNIa
0.0,0.0,4,29,ZTF21abcpazz,SN Ia,SNIa
0.0,0.0,56,20,ZTF19accmboe,SN Ia,SNIa
0.0,0.0,1,13,ZTF23abbczlg,SN Ia,SNIa
0.0,0.5940890312,3,20,ZTF21aarskup,SN Ia,SNIa
0.0,0.0,6,22,ZTF21aaxyecd,SN Ia,SNIa
0.046,0.6893174648,4,38,ZTF20abywpkl,SN Ia,SNIa
0.0,0.0,4,28,ZTF22aakethm,SN Ia,SNIa
0.046,0.6568286419,8,28,ZTF21abbliav,SN Ia,SNIa
0.0,0.5654294491,2,23,ZTF20acqelhh,SN Ia,SNIa
0.0,0.6639928222,3,42,ZTF20abzetdf,SN Ia,SNIa
0.0,0.5425018072,2,29,ZTF23abaactr,SN Ia,SNIa
0.0,0.0,3,26,ZTF21abaevgu,SN Ia,SNIa
0.0,0.5161937475,2,13,ZTF21aajvtsq,SN Ia,SNIa
0.0,0.0,1,11,ZTF24aadlwsg,SN Ia,SNIa
0.0,0.0,1,8,ZTF22abyivov,SN Ia,SNIa
0.0,0.0,6,27,ZTF25aaqsnsq,SN Ia,SNIa
0.0,0.0,2,19,ZTF22abnoofs,SN Ia,SNIa
0.0,0.6159867048,3,24,ZTF24aahicbz,SN Ia,SNIa
0.0,0.0,2,19,ZTF20acwomqh,SN Ia,SNIa
0.0,0.0,1,32,ZTF23aafwvek,SN Ia,SNIa
0.0,0.0,3,22,ZTF21abdcauj,SN Ia,SNIa
0.0,0.0,1,10,ZTF21aciouwz,SN Ia,SNIa
0.0,0.0,1,16,ZTF21acjgqjl,SN Ia,SNIa
0.0,0.0,1,23,ZTF23abfxxod,SN Ia,SNIa
0.0,0.0,1,29,ZTF20abeolsw,SN Ia,SNIa
0.0,0.1309499145,3,17,ZTF20acuosvy,SN Ia,SNIa
0.0,0.0,2,35,ZTF20abjbiqf,SN Ia,SNIa
0.0,0.5351992846,5,27,ZTF22abfspdz,SN Ia,SNIa
0.0,0.0,1,20,ZTF21aazsgyr,SN Ia,SNIa
0.233,0.5980179906,4,23,ZTF23abankea,SN Ia,SNIa
0.0,0.0,1,18,ZTF25aaklxxk,SN Ia,SNIa
0.0,0.0,1,23,ZTF21acasrer,SN Ia,SNIa
0.0,0.645834744,2,15,ZTF24abrfsap,SN Ia,SNIa
0.0,0.0,1,50,ZTF20actoakx,SN Ia,SNIa
0.0,0.0,2,9,ZTF22aadedjt,SN Ia,SNIa
0.19,0.2131207287,5,14,ZTF20aafrjqw,SN Ia,SNIa
0.0,0.0,5,29,ZTF22aadfcnz,SN Ia,SNIa
0.0,0.0,5,23,ZTF18abxhaop,SN Ia,SNIa
0.0,0.0,1,19,ZTF20acoqlrd,SN Ia,SNIa
0.0,0.0,1,42,ZTF18abqyaix,SN Ia,SNIa
0.0,0.4481038451,6,31,ZTF22abiyeae,SN Ia,SNIa
0.0,0.0,1,7,ZTF20aabcouv,SN Ia,SNIa
0.0,0.5795743465,34,20,ZTF21aagogqe,SN Ia,SNIa
0.0,0.0,1,22,ZTF20acpkled,SN Ia,SNIa
0.0,0.5972210169,2,37,ZTF22abkisoc,SN Ia,SNIa
0.0,0.0,3,22,ZTF20acumcrz,SN Ia,SNIa
0.0,0.5996736288,17,11,ZTF20aamaqak,SN Ia,SNIa
0.0,0.4863967896,2,33,ZTF20abuojuw,SN Ia,SNIa
0.0,0.6430770159,10,28,ZTF23abaalvd,SN Ia,SNIa
0.0,0.6225101948,4,21,ZTF22abfwbgr,SN Ia,SNIa
0.0,0.0,2,12,ZTF22abeioig,SN Ia,SNIa
0.0,0.458350122,2,45,ZTF25abacyxb,SN Ia,SNIa
0.0,0.0,2,19,ZTF22aarwpcf,SN Ia,SNIa
0.0,0.333253175,3,31,ZTF25aanxipy,SN Ia,SNIa
0.0,0.5712239742,2,14,ZTF22abiymsf,SN Ia,SNIa
0.0,0.5079430342,2,27,ZTF21abwxext,SN Ia,SNIa
0.0,0.5890860558,2,3,ZTF20aamknxn,SN Ia,SNIa
0.0,0.4648244679,2,38,ZTF22aaylnhq,SN Ia,SNIa
0.0,0.3042030632,5,14,ZTF23abvzhwa,SN Ia,SNIa
0.881,0.0,12,36,ZTF20aawoojh,SN Ia,SNIa
0.0,0.0,1,44,ZTF21abbsbov,SN Ia,SNIa
0.0,0.0,2,8,ZTF22aadpgmo,SN Ia,SNIa
0.0,0.0,5,39,ZTF20abgevcw,SN Ia,SNIa
0.0,0.0,1,30,ZTF23abiearq,SN Ia,SNIa
0.0,0.6029016376,4,9,ZTF23aahxsrk,SN Ia,SNIa
0.0,0.0,159,286,ZTF18aaxcfbt,SN Ia,SNIa
0.0,0.5374129415,2,22,ZTF21aaqqlfw,SN Ia,SNIa
0.046,0.7116743326,5,9,ZTF20achatyv,SN Ia,SNIa
0.0,0.2736465931,3,8,ZTF21acojncf,SN Ia,SNIa
0.0,0.0,1,20,ZTF23aalsied,SN Ia,SNIa
0.046,0.6843821406,4,14,ZTF19acwrqtv,SN Ia,SNIa
0.0,0.0,7,26,ZTF20acxvvnf,SN Ia,SNIa
0.0,0.5244512558,2,50,ZTF20acbovrt,SN Ia,SNIa
0.0,0.0,2,36,ZTF21aarwlht,SN Ia,SNIa
0.0,0.0,10,22,ZTF19acxphhl,SN Ia,SNIa
0.0,0.0,1,52,ZTF20acoyfpk,SN Ia,SNIa
0.0,0.4686207771,4,13,ZTF21abmqpja,SN Ia,SNIa
0.0,0.0,1,12,ZTF21acgxwlz,SN Ia,SNIa
0.194,0.7543706298,7,10,ZTF19acgjojy,SN Ia,SNIa
0.046,0.5210897326,12,15,ZTF20achptde,SN Ia,SNIa
0.0,0.0,1,11,ZTF21aaahzpr,SN Ia,SNIa
0.0,0.0,1,52,ZTF25abyobbm,SN Ia,SNIa
0.0,0.0,24,25,ZTF22abolsys,SN Ia,SNIa
0.0,0.0,3,30,ZTF18abrfccm,SN Ia,SNIa
0.0,0.0,2,34,ZTF20abgfekk,SN Ia,SNIa
0.0,0.4021095634,5,17,ZTF24abkgfqo,SN Ia,SNIa
0.0,0.0,2,11,ZTF22aafffpq,SN Ia,SNIa
0.0,0.4248788357,2,49,ZTF20abpuyau,SN Ia,SNIa
0.046,0.5163228512,6,38,ZTF20abccojn,SN Ia,SNIa
0.0,0.5195252299,2,23,ZTF20acwozwz,SN Ia,SNIa
0.0,0.0,22,9,ZTF24abrezqh,SN Ia,SNIa
0.0,0.5263181925,2,17,ZTF22aaolexr,SN Ia,SNIa
0.0,0.0,2,16,ZTF21acjjxww,SN Ia,SNIa
0.0,0.0,1,16,ZTF20acgpqqr,SN Ia,SNIa
0.0,0.0,1,27,ZTF23aazskaz,SN Ia,SNIa
0.0,0.0,2,25,ZTF23aasovdv,SN Ia,SNIa
0.23,0.8055181503,20,16,ZTF20aafcgca,SN Ia,SNIa
0.0,0.0,27,18,ZTF19aaklqod,SN Ia,SNIa
0.0,0.5887104273,7,22,ZTF23aavugvk,SN Ia,SNIa
0.0,0.4890916646,3,12,ZTF22abbiqoi,SN Ia,SNIa
0.0,0.0,2,55,ZTF25aatzejc,SN Ia,SNIa
0.0,0.4575722516,2,18,ZTF21aakbgpf,SN Ia,SNIa
0.046,0.7011021376,5,5,ZTF20aaifkyj,SN Ia,SNIa
0.0,0.0,3,22,ZTF20aaurucm,SN Ia,SNIa
0.0,0.5161259174,2,22,ZTF21abljmmv,SN Ia,SNIa
0.0,0.0,1,12,ZTF18aafdigb,SN Ia,SNIa
0.0,0.0,9,49,ZTF18aawmeiw,SN Ia,SNIa
0.046,0.4287490845,9,44,ZTF21abbzqvv,SN Ia,SNIa
0.046,0.6154691577,18,30,ZTF21aciuhyy,SN Ia,SNIa
0.0,0.6327242851,2,16,ZTF23abhzlbh,SN Ia,SNIa
0.0,0.0,2,19,ZTF24abqkitr,SN Ia,SNIa
0.0,0.0,39,20,ZTF19abgafkt,SN Ia,SNIa
0.0,0.4652056694,2,16,ZTF23aakidwn,SN Ia,SNIa
0.0,0.0,2,32,ZTF21aatyplr,SN Ia,SNIa
0.0,0.0,5,52,ZTF21aarigsr,SN Ia,SNIa
0.0,0.0,1,4,ZTF19adbsfpf,SN Ia,SNIa
0.046,0.4689656198,10,57,ZTF20abmzfql,SN Ia,SNIa
0.0,0.6387094259,2,13,ZTF24aalndou,SN Ia,SNIa
0.0,0.0,1,19,ZTF20absvwdh,SN Ia,SNIa
0.0,0.0,4,79,ZTF21aaxsnvk,SN Ia,SNIa
0.0,0.5719305277,9,28,ZTF22abbkxor,SN Ia,SNIa
0.0,0.5491067767,4,16,ZTF21abybnni,SN Ia,SNIa
0.0,0.0,1,102,ZTF21absvlrr,SN Ia,SNIa
0.136,0.7861747742,9,8,ZTF20aahqcup,SN Ia,SNIa
0.0,0.6505643129,3,23,ZTF20aciugdl,SN Ia,SNIa
0.0,0.5663778782,5,24,ZTF20abtfnpl,SN Ia,SNIa
0.0,0.0,9,22,ZTF22abhvfio,SN Ia,SNIa
0.0,0.0,3,28,ZTF20abfqeef,SN Ia,SNIa
0.0,0.5880972743,2,10,ZTF21abmspkq,SN Ia,SNIa
0.0,0.6728904247,6,11,ZTF22abspgzy,SN Ia,SNIa
0.0,0.0,1,19,ZTF20aavqfli,SN Ia,SNIa
0.0,0.0,1,10,ZTF21aakvrgb,SN Ia,SNIa
0.0,0.0,2,44,ZTF25abwhfuq,SN Ia,SNIa
0.0,0.0,1,23,ZTF22aaffaah,SN Ia,SNIa
0.0,0.0,1,10,ZTF19acyfkbf,SN Ia,SNIa
0.0,0.4817811251,5,18,ZTF22abmicob,SN Ia,SNIa
0.0,0.6029026508,3,6,ZTF21acjcrzd,SN Ia,SNIa
0.0,0.3650866449,2,20,ZTF20abeqsrm,SN Ia,SNIa
0.0,0.423897326,2,24,ZTF19acojuzv,SN Ia,SNIa
0.0,0.0,4,10,ZTF21ackrvob,SN Ia,SNIa
0.0,0.0,2,25,ZTF23abgqzhi,SN Ia,SNIa
0.0,0.0,3,9,ZTF20abgakbv,SN Ia,SNIa
0.0,0.0,7,54,ZTF23aamzucf,SN Ia,SNIa
0.0,0.0,15,25,ZTF21aciialn,SN Ia,SNIa
0.0,0.0,1,26,ZTF24abmpzmg,SN Ia,SNIa
0.0,0.0,1,19,ZTF23abjtozz,SN Ia,SNIa
0.0,0.548664391,2,22,ZTF22abyaood,SN Ia,SNIa
0.0,0.0,2,26,ZTF23abgspvs,SN Ia,SNIa
0.0,0.6371096373,2,15,ZTF21aamjgfp,SN Ia,SNIa
0.0,0.0,3,113,ZTF21aaampui,SN Ia,SNIa
0.0,0.0,4,7,ZTF21accfbyj,SN Ia,SNIa
0.0,0.2750007212,3,9,ZTF22abszapf,SN Ia,SNIa
0.0,0.0,1,84,ZTF21aawyyha,SN Ia,SNIa
0.0,0.6633000374,2,53,ZTF20acnyxln,SN Ia,SNIa
0.0,0.4469689429,3,25,ZTF23abijnsm,SN Ia,SNIa
0.0,0.0,4,16,ZTF21acjotip,SN Ia,SNIa
0.0,0.0,3,38,ZTF21aaugbus,SN Ia,SNIa
0.0,0.6099317074,4,41,ZTF22aayfpso,SN Ia,SNIa
0.0,0.5484393239,2,71,ZTF22abhfwmr,SN Ia,SNIa
0.0,0.476657778,11,10,ZTF24abxxfzd,SN Ia,SNIa
0.0,0.5147456527,2,28,ZTF22aamtomc,SN Ia,SNIa
0.0,0.4776561558,2,17,ZTF21aabhqng,SN Ia,SNIa
0.0,0.0,2,27,ZTF19abkrlew,SN Ia,SNIa
0.0,0.0,1,32,ZTF22abghgca,SN Ia,SNIa
0.0,0.0,1,13,ZTF21abfxjik,SN Ia,SNIa
0.0,0.7842880487,28,32,ZTF19abyjjxp,SN Ia,SNIa
0.0,0.5866838694,3,21,ZTF23aavujng,SN Ia,SNIa
0.0,0.0,1,14,ZTF20acwqlpq,SN Ia,SNIa
0.0,0.0,1,33,ZTF22abgawhn,SN Ia,SNIa
0.0,0.0,1,88,ZTF21abrxoir,SN Ia,SNIa
0.0,0.0,2,23,ZTF23abgvtxr,SN Ia,SNIa
0.0,0.0,1,30,ZTF24aaiowju,SN Ia,SNIa
0.0,0.6244062781,124,8,ZTF19abuhlxk,SN Ia,SNIa
0.184,0.7708950043,19,12,ZTF19achejoc,SN Ia,SNIa
0.0,0.0,1,15,ZTF22abevcjl,SN Ia,SNIa
0.0,0.4731147587,4,15,ZTF25aciguje,SN Ia,SNIa
0.0,0.0,5,30,ZTF20acgnrqu,SN Ia,SNIa
0.0,0.0,1,24,ZTF21abvyxfs,SN Ia,SNIa
0.0,0.6101346016,186,75,ZTF19abxjimu,SN Ia,SNIa
0.0,0.0,1,17,ZTF23aavxosl,SN Ia,SNIa
0.0,0.0,373,280,ZTF18aajpjdi,SN Ia,SNIa
0.046,0.660287261,11,1,ZTF20aaeujsk,SN Ia,SNIa
0.0,0.6858462095,9,23,ZTF24abifqbz,SN Ia,SNIa
0.0,0.5173829198,4,12,ZTF24aaoniol,SN Ia,SNIa
0.0,0.0,1,18,ZTF21acgupte,SN Ia,SNIa
0.0,0.5429540873,5,79,ZTF20abzpxxu,SN Ia,SNIa
0.0,0.0,2,10,ZTF23abhxbjo,SN Ia,SNIa
0.0,0.4489815533,2,26,ZTF23abjpcza,SN Ia,SNIa
0.0,0.5893799067,2,10,ZTF21abvvuhm,SN Ia,SNIa
0.0,0.0,6,39,ZTF22aadephk,SN Ia,SNIa
0.0,0.0,1,20,ZTF21accuexh,SN Ia,SNIa
0.046,0.5103397965,6,23,ZTF21aalimtr,SN Ia,SNIa
0.0,0.0,1,28,ZTF21abcgxwy,SN Ia,SNIa
0.0,0.4954617918,3,32,ZTF25abidcdj,SN Ia,SNIa
0.0,0.0,1,27,ZTF21abdthxn,SN Ia,SNIa
0.0,0.522066772,2,54,ZTF20aauowam,SN Ia,SNIa
0.0,0.7294597626,5,6,ZTF23aaejvzv,SN Ia,SNIa
0.046,0.6631041169,4,16,ZTF20acoqpbg,SN Ia,SNIa
0.0,0.6289769411,2,25,ZTF23aaqqeri,SN Ia,SNIa
0.046,0.6511466503,15,12,ZTF19acjjwsy,SN Ia,SNIa
0.0,0.0,50,1,ZTF19aaqhelq,SN Ia,SNIa
0.0,0.0,1,11,ZTF22abmjdfo,SN Ia,SNIa
0.0,0.0,2,73,ZTF18aatgdph,SN Ia,SNIa
0.0,0.5023323894,3,36,ZTF23aarvrvd,SN Ia,SNIa
0.0,0.4747231007,3,9,ZTF24aaakprs,SN Ia,SNIa
0.0,0.5154176354,6,20,ZTF20ackdkva,SN Ia,SNIa
0.0,0.0,1,28,ZTF23aaizjbj,SN Ia,SNIa
0.0,0.4003667533,2,5,ZTF20aaactgu,SN Ia,SNIa
0.0,0.6055209041,3,22,ZTF22ablhldn,SN Ia,SNIa
0.0,0.0,2,29,ZTF23aaznywn,SN Ia,SNIa
0.0,0.0,1,33,ZTF20accsfkt,SN Ia,SNIa
0.0,0.0,3,33,ZTF21abrotmc,SN Ia,SNIa
0.0,0.0,1,49,ZTF23abaxkwq,SN Ia,SNIa
0.0,0.6309955716,2,8,ZTF19acuymeu,SN Ia,SNIa
0.0,0.4519210756,3,39,ZTF20accxzmn,SN Ia,SNIa
0.046,0.2814845741,8,13,ZTF20acnrphs,SN Ia,SNIa
0.0,0.5844378471,6,57,ZTF21abvicne,SN Ia,SNIa
0.0,0.0,1,14,ZTF22aboixdd,SN Ia,SNIa
0.0,0.0,2,23,ZTF19aaphntn,SN Ia,SNIa
0.0,0.0,1,17,ZTF20acwkvgj,SN Ia,SNIa
0.0,0.0,3,16,ZTF24aahdfsy,SN Ia,SNIa
0.046,0.0,12,19,ZTF19acmbhvv,SN Ia,SNIa
0.0,0.0,69,1,ZTF19aalveag,SN Ia,SNIa
0.0,0.0,5,34,ZTF22aalwnzj,SN Ia,SNIa
0.0,0.3723520041,8,34,ZTF22aajhkvu,SN Ia,SNIa
0.0,0.4874963462,4,18,ZTF22abgiayt,SN Ia,SNIa
0.0,0.4237760603,8,10,ZTF21acigjrl,SN Ia,SNIa
0.0,0.0,2,45,ZTF21acbfyew,SN Ia,SNIa
0.0,0.0,11,37,ZTF23abetodb,SN Ia,SNIa
0.0,0.0,7,12,ZTF24abnoldv,SN Ia,SNIa
0.0,0.0,1,19,ZTF21aardybv,SN Ia,SNIa
0.0,0.0,1,12,ZTF20abeimho,SN Ia,SNIa
0.0,0.0,5,29,ZTF22aatnyqk,SN Ia,SNIa
0.0,0.364942044,3,11,ZTF21acjxsrf,SN Ia,SNIa
0.0,0.0,1,28,ZTF21abukrln,SN Ia,SNIa
0.0,0.6164140105,2,8,ZTF20aaetvkh,SN Ia,SNIa
0.0,0.0,1,23,ZTF21aaabviz,SN Ia,SNIa
0.046,0.6628533602,5,15,ZTF21aalekwo,SN Ia,SNIa
0.0,0.0,4,30,ZTF21abceehu,SN Ia,SNIa
0.0,0.489715457,2,15,ZTF23abmewfr,SN Ia,SNIa
0.0,0.0,6,24,ZTF18abiczpm,SN Ia,SNIa
0.0,0.588375628,8,26,ZTF21aarjczf,SN Ia,SNIa
0.0,0.7193452716,4,8,ZTF23aaaymxr,SN Ia,SNIa
0.0,0.3332034647,13,15,ZTF24abszjmr,SN Ia,SNIa
0.0,0.0,1,46,ZTF21aagojfe,SN Ia,SNIa
0.0,0.5713005066,3,11,ZTF24aaejwkz,SN Ia,SNIa
0.0,0.0,1,21,ZTF25aaytfvv,SN Ia,SNIa
0.73,0.7551652789,9,17,ZTF20aaodkvl,SN Ia,SNIa
0.0,0.0,1,24,ZTF25aaaqkbi,SN Ia,SNIa
0.0,0.4515964985,2,9,ZTF22abvciba,SN Ia,SNIa
0.0,0.0,2,28,ZTF21accibae,SN Ia,SNIa
0.0,0.5115885735,3,22,ZTF21abyakea,SN Ia,SNIa
0.046,0.8830721378,16,1,ZTF19abzfmak,SN Ia,SNIa
0.0,0.0,1,19,ZTF22abobhmn,SN Ia,SNIa
0.0,0.0,1,15,ZTF24aahaajg,SN Ia,SNIa
0.0,0.0,107,1,ZTF19abuclhk,SN Ia,SNIa
0.0,0.0,1,14,ZTF21ackcrao,SN Ia,SNIa
0.0,0.0,2,64,ZTF21aaxstzy,SN Ia,SNIa
0.0,0.0,1,29,ZTF21aapomdb,SN Ia,SNIa
0.0,0.7076199651,3,72,ZTF21aaxuywf,SN Ia,SNIa
0.0,0.0,8,8,ZTF18aaovwbp,SN Ia,SNIa
0.0,0.0,136,5,ZTF18abmrhom,SN Ia,SNIa
0.0,0.318710953,2,60,ZTF22abnfgcn,SN Ia,SNIa
0.0,0.0,1,17,ZTF21aaprfkc,SN Ia,SNIa
0.0,0.6594164371,9,2,ZTF24aakfycl,SN Ia,SNIa
0.0,0.4465499222,4,11,ZTF23abizggb,SN Ia,SNIa
0.0,0.0350187831,36,2,ZTF19abzlsbl,SN Ia,SNIa
0.0,0.0,6,9,ZTF18aaqjqqc,SN Ia,SNIa
0.233,0.5710421801,8,17,ZTF23aazfapq,SN Ia,SNIa
0.0,0.0,1,25,ZTF22aahaufu,SN Ia,SNIa
0.0,0.2506711781,5,10,ZTF22abqwahz,SN Ia,SNIa
0.0,0.5933026075,4,11,ZTF24aahdihc,SN Ia,SNIa
0.0,0.0,2,25,ZTF22aaldrem,SN Ia,SNIa
0.0,0.0,3,29,ZTF20ackitai,SN Ia,SNIa
0.0,0.6459804773,2,26,ZTF19acyfakk,SN Ia,SNIa
0.0,0.0,6,11,ZTF21acfflog,SN Ia,SNIa
0.0,0.7948566079,172,1,ZTF19abzqkdz,SN Ia,SNIa
0.0,0.410913378,2,13,ZTF20aclzegl,SN Ia,SNIa
0.0,0.0,82,2,ZTF19abnimpq,SN Ia,SNIa
0.0,0.4544731677,2,32,ZTF22aaypvib,SN Ia,SNIa
0.0,0.0,1,38,ZTF20acpyaap,SN Ia,SNIa
0.0,0.0,2,22,ZTF20aauwhyi,SN Ia,SNIa
0.0,0.656738162,8,29,ZTF21aciuvmg,SN Ia,SNIa
0.194,0.6076244712,7,3,ZTF20aammbrw,SN Ia,SNIa
0.0,0.0,1,12,ZTF21acbntop,SN Ia,SNIa
0.0,0.0,276,1,ZTF18acrncou,SN Ia,SNIa
0.0,0.1631574035,90,4,ZTF19abqanpy,SN Ia,SNIa
0.954,0.8831217885,19,23,ZTF19acihgng,SN Ia,SNIa
0.0,0.5771961212,2,68,ZTF20abylbuf,SN Ia,SNIa
0.0,0.0,279,2,ZTF19abvhkst,SN Ia,SNIa
0.0,0.5968264937,2,28,ZTF20abfklsy,SN Ia,SNIa
0.0,0.5810380578,4,12,ZTF21aaljjvt,SN Ia,SNIa
0.046,0.4974268973,4,68,ZTF20acauthg,SN Ia,SNIa
0.0,0.0,2,14,ZTF22abfvsbt,SN Ia,SNIa
0.0,0.6079363823,10,12,ZTF21abmwmnp,SN Ia,SNIa
0.0,0.0,1,33,ZTF19acxndsk,SN Ia,SNIa
0.0,0.0,2,15,ZTF21abjbrrj,SN Ia,SNIa
0.0,0.0,1,16,ZTF25aasnrmc,SN Ia,SNIa
0.0,0.0,1,10,ZTF20abqnctf,SN Ia,SNIa
0.0,0.5982148051,2,29,ZTF21acjurqj,SN Ia,SNIa
0.0,0.0,1,42,ZTF21abrghol,SN Ia,SNIa
0.0,0.6334188581,2,5,ZTF21acoqbfm,SN Ia,SNIa
0.0,0.0,2,32,ZTF24abeiqfc,SN Ia,SNIa
0.0,0.2039460987,3,3,ZTF19acxovkl,SN Ia,SNIa
0.0,0.0,1,21,ZTF22aaorbxb,SN Ia,SNIa
0.0,0.0,1,48,ZTF20abwcnhm,SN Ia,SNIa
0.0,0.0,2,31,ZTF25abvrbqg,SN Ia,SNIa
0.0,0.6880468726,4,15,ZTF24aabplhb,SN Ia,SNIa
0.0,0.0,2,25,ZTF23abjzkqu,SN Ia,SNIa
0.0,0.0,1,10,ZTF22abuqitl,SN Ia,SNIa
0.0,0.0,1,14,ZTF22abyrqec,SN Ia,SNIa
0.0,0.6615041494,2,8,ZTF20aamdhut,SN Ia,SNIa
0.0,0.6332294345,10,28,ZTF20acwncbd,SN Ia,SNIa
0.0,0.0,2,21,ZTF21abbzhvg,SN Ia,SNIa
0.0,0.6061164737,2,29,ZTF20acowddo,SN Ia,SNIa
0.0,0.5014557242,3,15,ZTF21acbvwej,SN Ia,SNIa
0.0,0.0,6,26,ZTF18aatjfoe,SN Ia,SNIa
0.0,0.0,129,21,ZTF25aatdvzt,SN Ia,SNIa
0.046,0.7446087003,8,2,ZTF20aaideho,SN Ia,SNIa
0.0,0.0,4,49,ZTF20abipuee,SN Ia,SNIa
0.0,0.0,1,9,ZTF22abyhxlj,SN Ia,SNIa
0.0,0.5337072611,3,41,ZTF20abmxstg,SN Ia,SNIa
0.0,0.0,1,16,ZTF22abijxly,SN Ia,SNIa
0.0,0.0,4,17,ZTF21aastazz,SN Ia,SNIa
0.0,0.0,2,19,ZTF21abedvkp,SN Ia,SNIa
0.0,0.0,10,26,ZTF20aavfwdo,SN Ia,SNIa
0.0,0.0654848367,21,9,ZTF20aajjxwc,SN Ia,SNIa
0.0,0.5061919689,2,14,ZTF25acczblu,SN Ia,SNIa
0.0,0.0,1,23,ZTF20achfdib,SN Ia,SNIa
0.0,0.0,1,19,ZTF25acadteh,SN Ia,SNIa
0.0,0.9105191231,23,1,ZTF19acdisjm,SN Ia,SNIa
0.0,0.0,1,27,ZTF20abafzxx,SN Ia,SNIa
0.0,0.0,2,18,ZTF21abbaerh,SN Ia,SNIa
0.0,0.0,7,26,ZTF23abhshdk,SN Ia,SNIa
0.0,0.0,1,10,ZTF23abnpddd,SN Ia,SNIa
0.0,0.0,3,14,ZTF21abuuzrk,SN Ia,SNIa
0.0,0.0,2,10,ZTF19acmwkul,SN Ia,SNIa
0.0,0.0,4,26,ZTF23aahxdhe,SN Ia,SNIa
0.0,0.0,4,18,ZTF20aaurzce,SN Ia,SNIa
0.233,0.2807987332,4,11,ZTF23aaxzhor,SN Ia,SNIa
0.0,0.5527171493,3,10,ZTF21aayggyo,SN Ia,SNIa
0.046,0.7251538038,6,11,ZTF20acgyvgs,SN Ia,SNIa
0.046,0.0,14,11,ZTF20acpbbqf,SN Ia,SNIa
0.0,0.6554988027,3,9,ZTF22aboaiim,SN Ia,SNIa
0.0,0.0,1,11,ZTF20acjzzyr,SN Ia,SNIa
0.0,0.0,1,33,ZTF23aazjqov,SN Ia,SNIa
0.0,0.6396679282,3,16,ZTF20ablnjvp,SN Ia,SNIa
0.0,0.0,2,31,ZTF18aahvndq,SN Ia,SNIa
0.0,0.5697872043,2,9,ZTF23aahkrlw,SN Ia,SNIa
0.0,0.0,1,13,ZTF20acpjfln,SN Ia,SNIa
0.0,0.5388044119,2,16,ZTF20acpksoc,SN Ia,SNIa
0.0,0.552821815,3,15,ZTF20acnywhz,SN Ia,SNIa
0.0,0.0,3,53,ZTF20aazsyvu,SN Ia,SNIa
0.0,0.493900001,3,34,ZTF20abgpksj,SN Ia,SNIa
0.0,0.0,1,21,ZTF24aahiitr,SN Ia,SNIa
0.0,0.2753248513,3,9,ZTF23aawavgx,SN Ia,SNIa
0.0,0.0,1,7,ZTF25aaplvcg,SN Ia,SNIa
0.0,0.0,1,10,ZTF22abakeha,SN Ia,SNIa
0.0,0.0,72,7,ZTF23aalfofn,SN Ia,SNIa
0.0,0.0,76,4,ZTF19abheamc,SN Ia,SNIa
0.0,0.0,2,6,ZTF23aahvnck,SN Ia,SNIa
0.0,0.0,1,26,ZTF20abapyxl,SN Ia,SNIa
0.046,0.8394861221,13,1,ZTF19acbpnii,SN Ia,SNIa
0.0,0.0,213,257,ZTF18aauizcr,SN Ia,SNIa
0.0,0.5414331555,3,43,ZTF20abbpory,SN Ia,SNIa
0.0,0.6888825297,4,22,ZTF21acdkydg,SN Ia,SNIa
0.0,0.0,1,24,ZTF23aamqtel,SN Ia,SNIa
0.0,0.5495199561,2,13,ZTF22ablbgrl,SN Ia,SNIa
0.0,0.5718277693,9,49,ZTF22aajvkrd,SN Ia,SNIa
0.0,0.0,2,25,ZTF22abavsqq,SN Ia,SNIa
0.0,0.0,1,16,ZTF21abfoxwp,SN Ia,SNIa
0.0,0.0,3,17,ZTF22aaoskwd,SN Ia,SNIa
0.0,0.5474749207,5,51,ZTF25abiikwy,SN Ia,SNIa
0.0,0.6015125513,4,21,ZTF22aakpvbx,SN Ia,SNIa
0.0,0.8918424845,60,13,ZTF20aammnnm,SN Ia,SNIa
0.0,0.5104817748,3,28,ZTF21abflmkk,SN Ia,SNIa
0.0,0.0,1,10,ZTF20ablagfg,SN Ia,SNIa
0.0,0.0,2,21,ZTF23aaepuao,SN Ia,SNIa
0.0,0.4861606359,4,11,ZTF24aaaczuf,SN Ia,SNIa
0.0,0.0,1,68,ZTF20abthxfr,SN Ia,SNIa
0.0,0.0,1,13,ZTF19adcdzjm,SN Ia,SNIa
0.0,0.0,3,19,ZTF18aaqnxjb,SN Ia,SNIa
0.0,0.0,1,30,ZTF21abhhbmd,SN Ia,SNIa
0.0,0.0,1,17,ZTF22abswuyy,SN Ia,SNIa
0.0,0.0,1,50,ZTF22abfxmvf,SN Ia,SNIa
0.0,0.6480208635,3,19,ZTF24abimnpm,SN Ia,SNIa
0.0,0.3196456134,76,1,ZTF19abyhxzp,SN Ia,SNIa
0.0,0.5210129023,5,24,ZTF21abpivbd,SN Ia,SNIa
0.0,0.473089695,6,28,ZTF22abeltic,SN Ia,SNIa
0.0,0.5745175481,2,31,ZTF20abfhzhm,SN Ia,SNIa
0.0,0.0,1,23,ZTF22abbaqil,SN Ia,SNIa
0.0,0.0,1,37,ZTF21acfaugw,SN Ia,SNIa
0.0,0.0,1,7,ZTF25aafwcmp,SN Ia,SNIa
0.0,0.0,5,6,ZTF19abeizmo,SN Ia,SNIa
0.0,0.0,1,13,ZTF21aaavhbu,SN Ia,SNIa
0.0,0.0,6,23,ZTF23aaqnjej,SN Ia,SNIa
0.0,0.0,5,16,ZTF21aahzspd,SN Ia,SNIa
0.0,0.0,1,32,ZTF21aazfmxb,SN Ia,SNIa
0.0,0.0,1,25,ZTF20acwdnbw,SN Ia,SNIa
0.0,0.0,8,13,ZTF23aaeaptm,SN Ia,SNIa
0.0,0.6976186633,78,45,ZTF24abjflpz,SN Ia,SNIa
0.0,0.0,4,21,ZTF24abpfzww,SN Ia,SNIa
0.0,0.0,1,28,ZTF25aaqgorp,SN Ia,SNIa
0.0,0.0,4,25,ZTF19aarmtgu,SN Ia,SNIa
0.0,0.7346251607,25,10,ZTF19acbunmk,SN Ia,SNIa
0.0,0.0,2,15,ZTF18aarmnnd,SN Ia,SNIa
0.0,0.0,4,6,ZTF24aaimlne,SN Ia,SNIa
0.0,0.0,1,9,ZTF23abivuzt,SN Ia,SNIa
0.046,0.48494789,6,14,ZTF20aaxahpk,SN Ia,SNIa
0.0,0.0,1,26,ZTF20adadshh,SN Ia,SNIa
0.046,0.7127591968,11,20,ZTF21aakjhcb,SN Ia,SNIa
0.0,0.0,1,28,ZTF22aaxfqka,SN Ia,SNIa
0.046,0.5300542712,6,36,ZTF20abxidyb,SN Ia,SNIa
0.0,0.0,31,43,ZTF18aazhwnh,SN Ia,SNIa
0.0,0.0,2,20,ZTF20acpumut,SN Ia,SNIa
0.0,0.0,1,23,ZTF25acfgool,SN Ia,SNIa
0.0,0.5718979239,18,19,ZTF21aacxung,SN Ia,SNIa
0.0,0.5330632329,7,18,ZTF25abozezv,SN Ia,SNIa
0.0,0.510596633,2,30,ZTF22aakynop,SN Ia,SNIa
0.0,0.3957109749,3,23,ZTF20abfyriw,SN Ia,SNIa
0.0,0.4752791822,5,25,ZTF25abqamzb,SN Ia,SNIa
0.0,0.0,10,16,ZTF22abxacvm,SN Ia,SNIa
0.0,0.6142602563,2,30,ZTF23aaencty,SN Ia,SNIa
0.0,0.0,3,23,ZTF21aapfpod,SN Ia,SNIa
0.0,0.0,2,12,ZTF23aadxrid,SN Ia,SNIa
0.0,0.0,7,24,ZTF22aahieds,SN Ia,SNIa
0.0,0.0,3,22,ZTF21achqzub,SN Ia,SNIa
0.0,0.6604355574,3,26,ZTF20aaurfhs,SN II,SNII
0.0,0.0,1,104,ZTF21abqmrun,SN II,SNII
0.0,0.0,2,29,ZTF21abhqhqb,SN II,SNII
0.0,0.0,1,12,ZTF23absiytp,SN II,SNII
0.0,0.0,4,100,ZTF24aawakwl,SN II,SNII
0.0,0.0,3,69,ZTF24aawklme,SN II,SNII
0.0,0.7953819036,9,64,ZTF24aaozxhx,SN II,SNII
0.0,0.9260507226,65,23,ZTF19acctwpz,SN II,SNII
0.0,0.0,1,29,ZTF20aciwrpn,SN II,SNII
0.0,0.0,2,49,ZTF22aakdqqg,SN II,SNII
0.0,0.7065368891,3,27,ZTF22abjvyib,SN II,SNII
0.0,0.0,2,40,ZTF22aavcvgd,SN II,SNII
0.0,0.0,2,43,ZTF20acwgxhk,SN II,SNII
0.0,0.0,4,37,ZTF21acchbmn,SN II,SNII
0.0,0.5417894125,3,36,ZTF24abutkox,SN II,SNII
0.0,0.0,1,18,ZTF23aadwaiz,SN II,SNII
0.0,0.0,2,49,ZTF21abczimc,SN II,SNII
0.0,0.7185415626,4,23,ZTF22abkbjsb,SN II,SNII
0.046,0.6613292098,5,19,ZTF21aaeoqxf,SN II,SNII
0.0,0.0,4,30,ZTF18abxucht,SN II,SNII
0.0,0.5900147557,2,12,ZTF25aaapkzn,SN II,SNII
0.29,0.0328128301,11,21,ZTF20aayxdse,SN II,SNII
0.0,0.0,1,49,ZTF23abascqa,SN II,SNII
0.0,0.0,2,27,ZTF20acgnenc,SN II,SNII
0.0,0.0,1,20,ZTF22aaemoot,SN II,SNII
0.0,0.0,1,7,ZTF20aagjpmt,SN II,SNII
0.0,0.4102947116,3,17,ZTF23abjstcg,SN II,SNII
0.0,0.0,2,9,ZTF24aagchqx,SN II,SNII
0.0,0.0,3,70,ZTF21abfxhrn,SN II,SNII
0.0,0.3779809475,5,36,ZTF22aajeyek,SN II,SNII
0.0,0.0,14,37,ZTF25aalyfoi,SN II,SNII
0.0,0.0,2,26,ZTF21aceqrju,SN II,SNII
0.0,0.0,1,48,ZTF20accrldu,SN II,SNII
0.0,0.0,1,70,ZTF21aaipypa,SN II,SNII
0.0,0.0,1,22,ZTF20abekcdt,SN II,SNII
0.0,0.0,1,24,ZTF21acgpjbx,SN II,SNII
0.0,0.0,1,66,ZTF22aajsdkt,SN II,SNII
0.0,0.4749553502,5,34,ZTF23abqkppm,SN II,SNII
0.046,0.7403359413,9,16,ZTF20aahqbun,SN II,SNII
0.0,0.0,1,61,ZTF25aadevqv,SN II,SNII
0.0,0.0,42,1,ZTF19ablfdwt,SN II,SNII
0.0,0.0,1,26,ZTF24abrzgil,SN II,SNII
0.0,0.7463422418,31,28,ZTF22aaudjgc,SN II,SNII
0.0,0.0,2,37,ZTF22aattfmb,SN II,SNII
0.0,0.0,4,36,ZTF24aahsukk,SN II,SNII
0.0,0.0,1,65,ZTF25aawngni,SN II,SNII
0.0,0.0,1,93,ZTF20aawgrcu,SN II,SNII
0.0,0.9141620398,68,70,ZTF20aahbamv,SN II,SNII
0.0,0.0,8,88,ZTF21abdmevk,SN II,SNII
0.0,0.311167866,225,17,ZTF19abqgtqo,SN II,SNII
0.0,0.0,1,14,ZTF22abyivxh,SN II,SNII
0.0,0.0,3,30,ZTF21aaqldsj,SN II,SNII
0.0,0.5825859904,2,16,ZTF23aacydwa,SN II,SNII
0.0,0.3941938579,2,18,ZTF20acnzkxb,SN II,SNII
0.0,0.5734086633,2,23,ZTF20acorjop,SN II,SNII
0.0,0.0,2,66,ZTF25aauvser,SN II,SNII
0.0,0.0,1,69,ZTF25aalzmga,SN II,SNII
0.0,0.5338138938,2,26,ZTF23aaqniyk,SN II,SNII
0.0,0.575930953,3,30,ZTF22abfutah,SN II,SNII
0.0,0.5982276797,8,57,ZTF22abfwxtr,SN II,SNII
0.0,0.4675807655,2,137,ZTF21abfoyac,SN II,SNII
0.0,0.0,2,33,ZTF23aaeeugd,SN II,SNII
0.0,0.5285769105,2,10,ZTF22acaunur,SN II,SNII
0.0,0.3969692588,2,20,ZTF21abouznj,SN II,SNII
0.0,0.0,2,50,ZTF21abptxfk,SN II,SNII
0.0,0.0,1,56,ZTF20acfvgdp,SN II,SNII
0.0,0.0,1,20,ZTF23abghttj,SN II,SNII
0.046,0.8518791199,17,15,ZTF19acbvisk,SN II,SNII
0.0,0.0,1,64,ZTF20acknpig,SN II,SNII
0.0,0.4917959273,3,111,ZTF20aapchqy,SN II,SNII
0.0,0.0,1,48,ZTF22abfzdkz,SN II,SNII
0.0,0.4171580672,4,48,ZTF23aaedvtn,SN II,SNII
0.0,0.3052867651,9,45,ZTF25aadlhzw,SN II,SNII
0.0,0.0,44,6,ZTF24aampakt,SN II,SNII
0.0,0.0,2,240,ZTF25aahmbaq,SN II,SNII
0.0,0.0,1,49,ZTF20actkmks,SN II,SNII
0.0,0.0,1,16,ZTF23abndgbw,SN II,SNII
0.0,0.0,1,37,ZTF21abqmrtm,SN II,SNII
0.046,0.7470163107,9,15,ZTF20aafclxb,SN II,SNII
0.0,0.6345543861,2,10,ZTF19acwbhih,SN II,SNII
0.0,0.0,1,13,ZTF23abvnmam,SN II,SNII
0.0,0.0,1,25,ZTF20acectxy,SN II,SNII
0.0,0.4475601912,2,18,ZTF21acdbcxy,SN II,SNII
0.0,0.0,1,17,ZTF24aaaefgv,SN II,SNII
0.0,0.0,1,23,ZTF22abtmrfr,SN II,SNII
0.0,0.0,1,96,ZTF22aahnkdv,SN II,SNII
0.0,0.6498886347,13,71,ZTF22abkhrkd,SN II,SNII
0.0,0.0,1,42,ZTF23abavosd,SN II,SNII
0.0,0.0,5,49,ZTF25abzswyh,SN II,SNII
0.0,0.6026425958,6,75,ZTF20abyzprl,SN II,SNII
0.0,0.0,1,54,ZTF20actpavu,SN II,SNII
0.0,0.0,2,16,ZTF23aboywdj,SN II,SNII
0.0,0.4877465963,4,15,ZTF21acioxcf,SN II,SNII
0.046,0.8040890098,12,9,ZTF20aafclqz,SN II,SNII
0.0,0.0,6,45,ZTF20abwdaeo,SN II,SNII
0.0,0.0,1,22,ZTF23aarktow,SN II,SNII
0.046,0.6825527549,4,13,ZTF19adavzew,SN II,SNII
0.0,0.0,2,32,ZTF20acgnelh,SN II,SNII
0.0,0.0,1,17,ZTF25aacbhct,SN II,SNII
0.0,0.0,1,31,ZTF23aabutcv,SN II,SNII
0.0,0.5583391786,4,76,ZTF22aamrkns,SN II,SNII
0.0,0.5830215812,2,13,ZTF21aanhvpo,SN II,SNII
0.0,0.0,1,24,ZTF21aaobkmg,SN II,SNII
0.0,0.0,2,52,ZTF23aailjjs,SN II,SNII
0.0,0.5317061543,3,38,ZTF22abbiwrr,SN II,SNII
0.0,0.0,11,17,ZTF19acasuyp,SN II,SNII
0.0,0.6786668301,3,58,ZTF20acitoie,SN II,SNII
0.0,0.0,1,34,ZTF20aatqidk,SN II,SNII
0.0,0.0,1,48,ZTF23abmoxlu,SN II,SNII
0.0,0.617643714,5,9,ZTF20aamamnp,SN II,SNII
0.046,0.5927316546,5,11,ZTF20aaieyuw,SN II,SNII
0.0,0.0,2,34,ZTF21acafqtj,SN II,SNII
0.0,0.5983864069,3,33,ZTF20abywoaa,SN II,SNII
0.0,0.0,1,64,ZTF20adadlqv,SN II,SNII
0.0,0.0,1400,122,ZTF18acbwaxk,SN II,SNII
0.0,0.0,4,36,ZTF25aalpzgd,SN II,SNII
0.0,0.0,1,16,ZTF22abepfmn,SN II,SNII
0.0,0.6457480788,8,27,ZTF22aawptbl,SN II,SNII
0.0,0.0,2,57,ZTF24aaxlnut,SN II,SNII
0.0,0.0,410,7,ZTF19abbnamr,SN II,SNII
0.0,0.0,2,22,ZTF24aahgkxm,SN II,SNII
0.0,0.0,2,8,ZTF24aazpqhq,SN II,SNII
0.0,0.0,1,21,ZTF20acrrssy,SN II,SNII
0.0,0.0,1,70,ZTF21abnudtb,SN II,SNII
0.0,0.0,1,35,ZTF20abbpkpa,SN II,SNII
0.0,0.0,1,24,ZTF20aclftuo,SN II,SNII
0.0,0.0,1,46,ZTF21aaqmoof,SN II,SNII
0.0,0.0,183,229,ZTF18aaqkoyr,SN II,SNII
0.0,0.4578289092,6,21,ZTF25aavcgfk,SN II,SNII
0.0,0.0,3,15,ZTF22aajhkpo,SN II,SNII
0.0,0.0,1,33,ZTF20aadchdd,SN II,SNII
0.0,0.0,1,24,ZTF25abiwbsb,SN II,SNII
0.0,0.0,1,39,ZTF21abvcxid,SN II,SNII
0.0,0.0,1,48,ZTF24absbhfe,SN II,SNII
0.0,0.0,609,49,ZTF18abokyfk,SN II,SNII
0.0,0.0,4,46,ZTF18aawgrxz,SN II,SNII
0.0,0.0,1,34,ZTF21aapjphz,SN II,SNII
0.0,0.6304253936,2,10,ZTF20aayknbc,SN II,SNII
0.0,0.0,1,14,ZTF21aatpsky,SN II,SNII
0.0,0.0,1,50,ZTF21abtcgoh,SN II,SNII
0.0,0.6240996122,10,23,ZTF25abudaqa,SN II,SNII
0.0,0.0,12,24,ZTF19abegzry,SN II,SNII
0.0,0.0,1,39,ZTF20acedqis,SN II,SNII
0.0,0.0,6,48,ZTF25aaluerd,SN II,SNII
0.0,0.0,38,54,ZTF18abwisaz,SN II,SNII
0.0,0.0,1,39,ZTF21abmwzxt,SN II,SNII
0.0,0.0,1,26,ZTF23abkixfb,SN II,SNII
0.0,0.0,1,52,ZTF25aatqacd,SN II,SNII
0.0,0.0,1,41,ZTF19acytcsg,SN II,SNII
0.0,0.0,1,25,ZTF21aapdxxs,SN II,SNII
0.0,0.0,1,35,ZTF20acuhren,SN II,SNII
0.0,0.5724111199,3,30,ZTF21aapxogj,SN II,SNII
0.0,0.0,1,25,ZTF25aaixfyj,SN II,SNII
0.0,0.3988439739,5,57,ZTF20acuhgar,SN II,SNII
0.0,0.0,2,17,ZTF22abmmhdm,SN II,SNII
0.0,0.4814457297,2,38,ZTF23abioirc,SN II,SNII
0.0,0.0,2,18,ZTF21abpxsck,SN II,SNII
0.0,0.2945636511,2,76,ZTF20abjonjs,SN II,SNII
0.046,0.3427165151,4,28,ZTF21aalodzw,SN II,SNII
0.0,0.4796569645,7,63,ZTF24abrchsb,SN II,SNII
0.0,0.0,3,106,ZTF21aaxxoei,SN II,SNII
0.0,0.0,12,34,ZTF22abdjqlm,SN II,SNII
0.0,0.0,5,25,ZTF21abjbfpg,SN II,SNII
0.0,0.0,5,26,ZTF22abtcphd,SN II,SNII
0.0,0.666990459,9,23,ZTF20achnfaa,SN II,SNII
0.0,0.0,2,19,ZTF22aadolby,SN II,SNII
0.046,0.577257216,5,145,ZTF20acfdmex,SN II,SNII
0.0,0.0,3,42,ZTF20aauvjws,SN II,SNII
0.0,0.0,1,42,ZTF24abtbalq,SN II,SNII
0.0,0.0,3,54,ZTF21abrluay,SN II,SNII
0.0,0.0,1,6,ZTF19adbsblp,SN II,SNII
0.0,0.0,3,64,ZTF24aavyicb,SN II,SNII
0.0,0.0,1,29,ZTF21aagtekf,SN II,SNII
0.0,0.6497194171,5,14,ZTF24aahxmmu,SN II,SNII
0.0,0.0,1,62,ZTF21aaqugxm,SN II,SNII
0.0,0.0,1,37,ZTF22abyivoq,SN II,SNII
0.0,0.5441664457,2,21,ZTF21aamwqim,SN II,SNII
0.0,0.0,1,24,ZTF20acpqbfu,SN II,SNII
0.0,0.620677352,3,14,ZTF18aacnlxz,SN II,SNII
0.0,0.0,2,91,ZTF22aativsd,SN II,SNII
0.0,0.6124740839,3,17,ZTF20abjbgjj,SN II,SNII
0.0,0.0,2,37,ZTF23abbzhug,SN II,SNII
0.0,0.5101594925,27,7,ZTF19abxnycf,SN II,SNII
0.0,0.0,1,93,ZTF25aasfogb,SN II,SNII
0.0,0.0,2,73,ZTF22abybbud,SN II,SNII
0.0,0.0,1,14,ZTF20acvevsn,SN II,SNII
0.0,0.0,6,89,ZTF22abaegxq,SN II,SNII
0.0,0.4054111242,2,45,ZTF21abvcxel,SN II,SNII
0.0,0.0,1,71,ZTF22abcfics,SN II,SNII
0.0,0.1179104745,6,62,ZTF21abhhrpj,SN II,SNII
0.0,0.0,7,66,ZTF25aabaanf,SN II,SNII
0.0,0.0,3,87,ZTF25aafibim,SN II,SNII
0.0,0.0,1,8,ZTF23abnevza,SN II,SNII
0.502,0.7324658632,9,29,ZTF20aahqbsr,SN II,SNII
0.0,0.0394133218,142,3,ZTF19abrlvij,SN II,SNII
0.0,0.4741630256,2,41,ZTF22aamgumi,SN II,SNII
0.0,0.0,1,26,ZTF23aadtzse,SN II,SNII
0.0,0.3714689612,3,47,ZTF20abqferm,SN II,SNII
0.0,0.0,1,42,ZTF21acdoyqt,SN II,SNII
0.0,0.0,1,52,ZTF25aacldzw,SN II,SNII
0.0,0.0,1,28,ZTF23aahngej,SN II,SNII
0.0,0.0,1,13,ZTF22abnejmu,SN II,SNII
0.0,0.0,1,60,ZTF21aagtqna,SN II,SNII
0.0,0.6088018417,10,69,ZTF24aarxxmm,SN II,SNII
0.0,0.6967488527,10,35,ZTF24aapexhw,SN II,SNII
0.0,0.6109233499,3,20,ZTF21achltea,SN II,SNII
0.046,0.5506079793,9,41,ZTF21aamwvhr,SN II,SNII
0.0,0.0,1,58,ZTF23aaenlmq,SN II,SNII
0.0,0.5907590985,2,30,ZTF24aboafrj,SN II,SNII
0.0,0.2953158021,2,61,ZTF20acgided,SN II,SNII
0.0,0.8530810475,199,14,ZTF19accbeju,SN II,SNII
0.0,0.0,1,10,ZTF23aadndfn,SN II,SNII
0.0,0.0,1,18,ZTF20acpgokr,SN II,SNII
0.0,0.0,1,20,ZTF23aaggwfh,SN II,SNII
0.0,0.0,1,39,ZTF25aauhbec,SN II,SNII
0.0,0.8724367619,24,68,ZTF19acignlo,SN II,SNII
0.0,0.4260550439,5,33,ZTF22aalorla,SN II,SNII
0.0,0.0,101,6,ZTF19abjpntj,SN II,SNII
0.0,0.0,1,39,ZTF21abqvzjy,SN II,SNII
0.0,0.0,1,40,ZTF22aagvgwl,SN II,SNII
0.0,0.0,3,38,ZTF19abkxeft,SN II,SNII
0.0,0.0226539224,58,29,ZTF19acanzwg,SN II,SNII
0.0,0.0,1,36,ZTF24abcyfru,SN II,SNII
0.0,0.721347928,3,34,ZTF19acwrrvg,SN II,SNII
0.0,0.0,3,64,ZTF21aanzcuj,SN II,SNII
0.0,0.0,1,50,ZTF23aaaigqy,SN II,SNII
0.0,0.0,15,33,ZTF19acbwejj,SN II,SNII
0.0,0.4215713739,223,2,ZTF19abpyqog,SN II,SNII
0.0,0.8978657722,29,23,ZTF19acchaza,SN II,SNII
0.0,0.0,3,7,ZTF18aaewdgq,SN Ib,SNIbc
0.0,0.0,2,22,ZTF18aakkrjm,SN Ib,SNIbc
0.0,0.0,23,1,ZTF19abqqrgy,SN Ib,SNIbc
0.0,0.0457010567,137,23,ZTF19abqwtfu,SN Ib,SNIbc
0.0,0.6371809244,30,5,ZTF19abqxibq,SN Ib,SNIbc
0.0,0.2324257642,255,52,ZTF19abztknu,SN Ib,SNIbc
0.0,0.3484522998,29,2,ZTF19acbmojx,SN Ib,SNIbc
0.0,0.1199016273,28,3,ZTF19acdabep,SN Ib,SNIbc
0.046,0.4998482466,5,19,ZTF19ackjjwf,SN Ib,SNIbc
0.0,0.0,1,10,ZTF19acmelor,SN Ib,SNIbc
0.0,0.0,1,7,ZTF19adcfsad,SN Ib,SNIbc
0.0,0.6248186231,3,6,ZTF20aaertpj,SN Ib,SNIbc
0.0,0.6960611343,45,12,ZTF20aajcdad,SN Ib,SNIbc
0.046,0.6436809897,4,3,ZTF20aakodyh,SN Ib,SNIbc
0.828,0.4383361936,13,8,ZTF20aalcyih,SN Ib,SNIbc
0.0,0.0,1,72,ZTF20aavzffg,SN Ib,SNIbc
0.0,0.0,1,21,ZTF20aaxvzja,SN Ib,SNIbc
0.0,0.0,1,16,ZTF20aazhyrs,SN Ib,SNIbc
0.0,0.0,7,29,ZTF20abbpkng,SN Ib,SNIbc
0.0,0.0,1,21,ZTF20abhlncz,SN Ib,SNIbc
0.0,0.4581118822,15,31,ZTF20abjpvce,SN Ib,SNIbc
0.0,0.0,1,36,ZTF20abvquuo,SN Ib,SNIbc
0.0,0.0,2,12,ZTF20acjbzrh,SN Ib,SNIbc
0.0,0.0,1,8,ZTF20acpzaoa,SN Ib,SNIbc
0.0,0.5173482299,2,33,ZTF20acvebcu,SN Ib,SNIbc
0.0,0.0,1,17,ZTF20acxqxyw,SN Ib,SNIbc
0.0,0.0,1,29,ZTF21aaqhhfu,SN Ib,SNIbc
0.0,0.0,4,27,ZTF21aaqwfqe,SN Ib,SNIbc
0.0,0.0,3,107,ZTF21aarnjyd,SN Ib,SNIbc
0.0,0.0,1,24,ZTF21aaufwyh,SN Ib,SNIbc
0.0,0.4770731926,2,16,ZTF21aawogdl,SN Ib,SNIbc
0.0,0.5385876298,3,19,ZTF21aayddkn,SN Ib,SNIbc
0.0,0.0,2,18,ZTF21aayqrgx,SN Ib,SNIbc
0.046,0.4349680841,4,35,ZTF21abahiow,SN Ib,SNIbc
0.0,0.5969528556,5,26,ZTF21abccaue,SN Ib,SNIbc
0.0,0.0,3,22,ZTF21abcgnql,SN Ib,SNIbc
0.0,0.4151570499,6,14,ZTF21abdkojo,SN Ib,SNIbc
0.0,0.0,2,17,ZTF21abieuta,SN Ib,SNIbc
0.0,0.0,1,32,ZTF21abimnii,SN Ib,SNIbc
0.0,0.0,1,61,ZTF21abmxiuf,SN Ib,SNIbc
0.0,0.554546237,2,9,ZTF21abngbrl,SN Ib,SNIbc
0.0,0.5796340704,5,31,ZTF21abplhpw,SN Ib,SNIbc
0.0,0.0,1,21,ZTF21abrqrsz,SN Ib,SNIbc
0.0,0.2619958818,4,32,ZTF21acdxhuv,SN Ib,SNIbc
0.0,0.0,3,19,ZTF21aceehxt,SN Ib,SNIbc
0.0,0.0,5,27,ZTF21achgfbk,SN Ib,SNIbc
0.0,0.0,4,10,ZTF21aciwixf,SN Ib,SNIbc
0.0,0.4964935482,2,16,ZTF22aadnjsh,SN Ib,SNIbc
0.0,0.0,2,27,ZTF22aadoihx,SN Ib,SNIbc
0.0,0.0,1,12,ZTF22aaebkwd,SN Ib,SNIbc
0.046,0.4767506421,13,66,ZTF22aaezyos,SN Ib,SNIbc
0.0,0.5425759554,3,27,ZTF22aakpyqw,SN Ib,SNIbc
0.0,0.0,2,35,ZTF22aaolhhl,SN Ib,SNIbc
0.0,0.5442903638,2,27,ZTF22aarbard,SN Ib,SNIbc
0.0,0.3328539431,12,21,ZTF22aatunnt,SN Ib,SNIbc
0.0,0.6397818923,4,7,ZTF22aazuotw,SN Ib,SNIbc
0.0,0.0,13,27,ZTF22abexkqi,SN Ib,SNIbc
0.0,0.0,5,46,ZTF22abfuwel,SN Ib,SNIbc
0.0,0.0,1,21,ZTF22abfyqsc,SN Ib,SNIbc
0.0,0.3781661391,14,27,ZTF22abkabeh,SN Ib,SNIbc
0.0,0.2696731389,4,5,ZTF22absibqa,SN Ib,SNIbc
0.0,0.6195367575,3,14,ZTF22absphuu,SN Ib,SNIbc
0.0,0.3242276609,7,21,ZTF23aaahtnj,SN Ib,SNIbc
0.0,0.0,3,29,ZTF23aadtrzd,SN Ib,SNIbc
0.0,0.0,1,17,ZTF23aajfdxf,SN Ib,SNIbc
0.0,0.0,1,67,ZTF23aanqoyo,SN Ib,SNIbc
0.0,0.0,2,29,ZTF23aapbrrq,SN Ib,SNIbc
0.0,0.518325448,4,54,ZTF23aaspcfl,SN Ib,SNIbc
0.0,0.0,1,32,ZTF23aawzdxd,SN Ib,SNIbc
0.207,0.0,20,50,ZTF23aaxuvkn,SN Ib,SNIbc
0.0,0.0,1,9,ZTF23aazuzip,SN Ib,SNIbc
0.0,0.0,1,15,ZTF23abbpswf,SN Ib,SNIbc
0.0,0.0,2,18,ZTF23abjzkmx,SN Ib,SNIbc
0.0,0.4207617342,2,9,ZTF23abnpoqp,SN Ib,SNIbc
0.0,0.0,1,16,ZTF23abovaur,SN Ib,SNIbc
0.0,0.0,9,10,ZTF24aaeczdw,SN Ib,SNIbc
0.0,0.3633745611,175,78,ZTF24aakaiqs,SN Ib,SNIbc
0.0,0.6144855618,5,74,ZTF24aaymkrs,SN Ib,SNIbc
0.0,0.5444856882,2,14,ZTF25aavahfn,SN Ib,SNIbc
0.0,0.0,33,15,ZTF18aceqrrs,SN Ic,SNIbc
0.0,0.0,54,1,ZTF19abcegvm,SN Ic,SNIbc
0.0,0.1448134333,136,9,ZTF19abtsnyy,SN Ic,SNIbc
0.046,0.5696350336,5,8,ZTF19acllsbq,SN Ic,SNIbc
0.0,0.5414518118,2,16,ZTF19acyogrm,SN Ic,SNIbc
0.0,0.0,1,5,ZTF20aaekkuv,SN Ic,SNIbc
0.0,0.0,2,19,ZTF20aaelulu,SN Ic,SNIbc
0.154,0.7329087257,5,3,ZTF20aaiftgi,SN Ic,SNIbc
0.0,0.0,1,3,ZTF20aamdyln,SN Ic,SNIbc
0.778,0.7119694948,15,7,ZTF20aammtwx,SN Ic,SNIbc
0.0,0.6996125579,31,12,ZTF20aamqmhj,SN Ic,SNIbc
0.0,0.0,1,27,ZTF20aavhyel,SN Ic,SNIbc
0.0,0.6098992825,4,57,ZTF20aazpyhy,SN Ic,SNIbc
0.0,0.0,2,24,ZTF20abefbpl,SN Ic,SNIbc
0.0,0.3182266057,3,9,ZTF20abkiarz,SN Ic,SNIbc
0.0,0.0,2,24,ZTF20aborzxc,SN Ic,SNIbc
0.0,0.0,1,65,ZTF20abqdkne,SN Ic,SNIbc
0.0,0.0,1,26,ZTF20abtkjfw,SN Ic,SNIbc
0.0,0.0,3,28,ZTF20abusrwm,SN Ic,SNIbc
0.0,0.4350329936,2,24,ZTF20abvvnqh,SN Ic,SNIbc
0.0,0.0,1,75,ZTF20abwxywy,SN Ic,SNIbc
0.0,0.4536474049,2,229,ZTF20abxpoxd,SN Ic,SNIbc
0.0,0.0,1,31,ZTF20abywsut,SN Ic,SNIbc
0.0,0.0,1,17,ZTF20abzjcdg,SN Ic,SNIbc
0.0,0.4880594015,2,17,ZTF20accbsxa,SN Ic,SNIbc
0.0,0.5626479983,2,11,ZTF20accoccp,SN Ic,SNIbc
0.0,0.0,1,31,ZTF20acfqngt,SN Ic,SNIbc
0.0,0.0,4,24,ZTF20aclnplo,SN Ic,SNIbc
0.0,0.0,1,16,ZTF20actekrw,SN Ic,SNIbc
0.0,0.0,1,39,ZTF20actpqgc,SN Ic,SNIbc
0.0,0.0,1,21,ZTF20acueziy,SN Ic,SNIbc
0.0,0.0,1,41,ZTF20acwofhd,SN Ic,SNIbc
0.0,0.0,1,75,ZTF20adadrhw,SN Ic,SNIbc
0.0,0.0,1,17,ZTF21aaaosoq,SN Ic,SNIbc
0.0,0.6148084998,3,42,ZTF21aaaubig,SN Ic,SNIbc
0.0,0.0,1,17,ZTF21aacufip,SN Ic,SNIbc
0.0,0.0,1,19,ZTF21aahdqrg,SN Ic,SNIbc
0.046,0.4418662786,13,6,ZTF21aalkjbl,SN Ic,SNIbc
0.0,0.0,2,33,ZTF21aannoix,SN Ic,SNIbc
0.046,0.0,15,50,ZTF21aaqldsk,SN Ic,SNIbc
0.0,0.0,1,43,ZTF21aaxtctv,SN Ic,SNIbc
0.0,0.0,2,52,ZTF21abcgaln,SN Ic,SNIbc
0.0,0.0,18,27,ZTF21abklcjq,SN Ic,SNIbc
0.0,0.600248158,9,40,ZTF21abraccv,SN Ic,SNIbc
0.0,0.5726267695,3,16,ZTF21acjxzsa,SN Ic,SNIbc
0.0,0.0,4,10,ZTF22aagzmcz,SN Ic,SNIbc
0.0,0.0,3,13,ZTF22aalfmec,SN Ic,SNIbc
0.0,0.0,3,16,ZTF22aaoolua,SN Ic,SNIbc
0.0,0.0,6,30,ZTF22abbtqnp,SN Ic,SNIbc
0.0,0.0,1,23,ZTF22abfrkoh,SN Ic,SNIbc
0.0,0.457146734,3,14,ZTF22abllclb,SN Ic,SNIbc
0.0,0.0,1,15,ZTF22abmonux,SN Ic,SNIbc
0.0,0.0,1,8,ZTF22abwtqeb,SN Ic,SNIbc
0.0,0.5359613299,4,21,ZTF23aaazffe,SN Ic,SNIbc
0.0,0.0,8,20,ZTF23aadaxfn,SN Ic,SNIbc
0.0,0.0,1,16,ZTF23aaecgwh,SN Ic,SNIbc
0.0,0.0,2,21,ZTF23aaemnzd,SN Ic,SNIbc
0.0,0.0,1,16,ZTF23aafwykt,SN Ic,SNIbc
0.0,0.0,1,52,ZTF23aahnmag,SN Ic,SNIbc
0.0,0.0,1,18,ZTF23aajakys,SN Ic,SNIbc
0.0,0.0,1,53,ZTF23aakstht,SN Ic,SNIbc
0.0,0.0,5,13,ZTF23aamzljd,SN Ic,SNIbc
0.0,0.6815956235,33,8,ZTF23aawtmcf,SN Ic,SNIbc
0.0,0.0,1,43,ZTF23abaxlrz,SN Ic,SNIbc
0.0,0.0,2,7,ZTF23abbskff,SN Ic,SNIbc
0.0,0.1711471528,3,41,ZTF23abcglga,SN Ic,SNIbc
0.0,0.0,1,12,ZTF23abjrolk,SN Ic,SNIbc
0.0,0.0,1,92,ZTF23abomtjc,SN Ic,SNIbc
0.0,0.0,10,12,ZTF23absgcqv,SN Ic,SNIbc
0.0,0.0,3,11,ZTF24aaabybk,SN Ic,SNIbc
0.0,0.0,8,8,ZTF24aacjcwl,SN Ic,SNIbc
0.0,0.0,2,13,ZTF24aagtmbq,SN Ic,SNIbc
0.0,0.0,2,10,ZTF24abhhzrp,SN Ic,SNIbc
0.0,0.0,1,10,ZTF24abiwzzc,SN Ic,SNIbc
0.0,0.5892146826,2,12,ZTF24abltheg,SN Ic,SNIbc
0.0,0.0,1,15,ZTF24abnafgr,SN Ic,SNIbc
0.0,0.0,1,57,ZTF24abncuhj,SN Ic,SNIbc
0.0,0.0,5,19,ZTF24abnsght,SN Ic,SNIbc
0.0,0.0,1,9,ZTF24abqbyxd,SN Ic,SNIbc
0.0,0.5638311505,6,11,ZTF24absznoi,SN Ic,SNIbc
0.0,0.0,2,26,ZTF24abtnkbi,SN Ic,SNIbc
0.0,0.5883601904,8,49,ZTF25aaadytl,SN Ic,SNIbc
0.0,0.0,1,20,ZTF25aafdnuf,SN Ic,SNIbc
0.0,0.0,1,44,ZTF25abclliu,SN Ic,SNIbc
0.0,0.5702385902,12,50,ZTF25ablulax,SN Ic,SNIbc
0.0,0.0,9,31,ZTF25abqsbxy,SN Ic,SNIbc
0.0,0.0,1,52,ZTF25abyevmr,SN Ic,SNIbc
0.0,0.5061863065,5,22,ZTF18aawigkf,SN IIb,SNII
0.0,0.0,12,37,ZTF19aanbpus,SN IIb,SNII
0.0,0.6944499612,33,4,ZTF19abqykei,SN IIb,SNII
0.0,0.3660483062,186,5,ZTF19abxjrge,SN IIb,SNII
0.0,0.6378018856,2,6,ZTF19ackjene,SN IIb,SNII
0.0,0.0,2,11,ZTF19acxxwvi,SN IIb,SNII
0.0,0.0,3,15,ZTF19acyjjni,SN IIb,SNII
0.0,0.3469032049,52,17,ZTF20aahgejq,SN IIb,SNII
0.0,0.6799913049,6,37,ZTF20aatzhhl,SN IIb,SNII
0.0,0.5479456782,4,15,ZTF20aaxhzhc,SN IIb,SNII
0.0,0.0,1,13,ZTF20abfcrzj,SN IIb,SNII
0.0,0.0,1,34,ZTF20abwzqzo,SN IIb,SNII
0.0,0.0,1,24,ZTF20acgiglu,SN IIb,SNII
0.0,0.0,1,35,ZTF20actqnhg,SN IIb,SNII
0.0,0.3625144362,2,13,ZTF20acusecr,SN IIb,SNII
0.0,0.0,1,7,ZTF20acwhpmj,SN IIb,SNII
0.0,0.0,2,14,ZTF20acwnqcy,SN IIb,SNII
0.0,0.0,1,81,ZTF20acwqqjs,SN IIb,SNII
0.173,0.3259362578,15,47,ZTF21aalimya,SN IIb,SNII
0.0,0.0,2,27,ZTF21aanrhag,SN IIb,SNII
0.0,0.0,1,26,ZTF21aaoiaar,SN IIb,SNII
0.046,0.2471659333,7,26,ZTF21aaquyqa,SN IIb,SNII
0.0,0.0,1,24,ZTF21aaqvsvw,SN IIb,SNII
0.0,0.0,1,18,ZTF21aastzsn,SN IIb,SNII
0.0,0.0,3,56,ZTF21aaxxmvs,SN IIb,SNII
0.046,0.4876572192,6,47,ZTF21aayfnjz,SN IIb,SNII
0.0,0.0,1,28,ZTF21abfjlxb,SN IIb,SNII
0.0,0.0,5,31,ZTF21abfoace,SN IIb,SNII
0.0,0.0,1,45,ZTF21abidrcn,SN IIb,SNII
0.0,0.0,1,12,ZTF21abmxkcq,SN IIb,SNII
0.0,0.0,1,20,ZTF21abnuldi,SN IIb,SNII
0.0,0.0,2,22,ZTF21abotose,SN IIb,SNII
0.0,0.0,1,31,ZTF21abrgbex,SN IIb,SNII
0.0,0.0,2,21,ZTF21abyqrli,SN IIb,SNII
0.0,0.3615195751,2,7,ZTF21acizlcg,SN IIb,SNII
0.0,0.0,2,20,ZTF22aaecdin,SN IIb,SNII
0.0,0.0,1,63,ZTF22aafrjnw,SN IIb,SNII
0.0,0.0,1,15,ZTF22aahgvlx,SN IIb,SNII
0.0,0.5370051861,4,73,ZTF22aaotgrc,SN IIb,SNII
0.0,0.0,1,21,ZTF22aasjwqv,SN IIb,SNII
0.0,0.6945545673,3,16,ZTF22aawcmcr,SN IIb,SNII
0.0,0.0,1,39,ZTF22aazuuin,SN IIb,SNII
0.0,0.0,1,22,ZTF22abbtzfm,SN IIb,SNII
0.0,0.5421743989,3,11,ZTF22abgibib,SN IIb,SNII
0.0,0.0,1,26,ZTF22ablvnwa,SN IIb,SNII
0.0,0.0,1,38,ZTF22abnvncn,SN IIb,SNII
0.0,0.2144524753,2,85,ZTF23aaawbsc,SN IIb,SNII
0.0,0.0,2,6,ZTF23aadtrws,SN IIb,SNII
0.0,0.0,1,44,ZTF23aaesmsf,SN IIb,SNII
0.0,0.6035400033,2,13,ZTF23aaialcw,SN IIb,SNII
0.0,0.0,1,26,ZTF23aazjwtl,SN IIb,SNII
0.0,0.0,1,36,ZTF23abfpegt,SN IIb,SNII
0.0,0.0,1,17,ZTF23abjrolf,SN IIb,SNII
0.0,0.0,2,15,ZTF23abobwsd,SN IIb,SNII
0.0,0.5454158187,3,12,ZTF23abspaqj,SN IIb,SNII
0.0,0.1441720128,4,20,ZTF23abtdizt,SN IIb,SNII
0.0,0.0,1,13,ZTF24aahaanm,SN IIb,SNII
0.0,0.0,10,31,ZTF24aaknlar,SN IIb,SNII
0.617,0.3592150509,18,34,ZTF24aaoosca,SN IIb,SNII
0.0,0.4142678082,2,17,ZTF24abkbany,SN IIb,SNII
0.0,0.7061107159,10,11,ZTF24abzsuck,SN IIb,SNII
0.0,0.5611476302,3,17,ZTF25aagzocg,SN IIb,SNII
0.0,0.4682809711,2,186,ZTF25aatclux,SN IIb,SNII
0.0,0.0,4,10,ZTF25abogteg,SN IIb,SNII
0.0,0.0,8,61,ZTF25abwjtwc,SN IIb,SNII
0.0,0.0,1,43,ZTF25abwkieo,SN IIb,SNII
0.0,0.0,3,41,ZTF25acctbaz,SN IIb,SNII
0.0,0.0,5,17,ZTF25ackyfnb,SN IIb,SNII
0.0,0.0,283,2,ZTF18acvgjqv,SN IIn,SNII
0.0,0.0,697,59,ZTF19aacjbsj,SN IIn,SNII
0.0,0.0,74,96,ZTF19abecaca,SN IIn,SNII
0.0,0.0,3,37,ZTF19abstsvm,SN IIn,SNII
0.0,0.2881417871,222,114,ZTF19acapech,SN IIn,SNII
0.727,0.6441278458,10,101,ZTF19aceqlxc,SN IIn,SNII
0.0,0.8409841061,27,22,ZTF19acftude,SN IIn,SNII
0.046,0.4800491035,8,6,ZTF19acukucu,SN IIn,SNII
0.0,0.5900740027,2,27,ZTF19acyjviz,SN IIn,SNII
0.0,0.0,1,27,ZTF19acyjysk,SN IIn,SNII
0.0,0.5313391089,5,11,ZTF19acyldun,SN IIn,SNII
0.046,0.6933984756,4,3,ZTF19adannbl,SN IIn,SNII
0.046,0.5897582173,6,14,ZTF20aaaddgy,SN IIn,SNII
0.046,0.587369144,4,37,ZTF20aacbyec,SN IIn,SNII
0.184,0.0505153611,6,26,ZTF20aadtarr,SN IIn,SNII
0.046,0.6930445433,9,13,ZTF20aadxrvb,SN IIn,SNII
0.0,0.6122015715,45,52,ZTF20aadyyvk,SN IIn,SNII
0.046,0.6624209285,5,38,ZTF20aamrreb,SN IIn,SNII
0.0,0.0,1,54,ZTF20aattztb,SN IIn,SNII
0.0,0.2634878159,5,114,ZTF20aaurfwa,SN IIn,SNII
0.0,0.0,1,29,ZTF20aavhixe,SN IIn,SNII
0.0,0.0,1,23,ZTF20aawijco,SN IIn,SNII
0.0,0.4536082745,22,40,ZTF20abonvte,SN IIn,SNII
0.0,0.0,1,83,ZTF20abpmqnr,SN IIn,SNII
0.0,0.0,15,30,ZTF20abqgbum,SN IIn,SNII
0.0,0.4885461926,3,78,ZTF20abtjjhb,SN IIn,SNII
0.0,0.0,1,51,ZTF20abyxjvm,SN IIn,SNII
0.0,0.5514863133,2,49,ZTF20abzjoxd,SN IIn,SNII
0.0,0.5325372219,3,62,ZTF20acbekkx,SN IIn,SNII
0.146,0.3677736521,9,18,ZTF20achjwqt,SN IIn,SNII
0.0,0.0,1,266,ZTF20acklcyp,SN IIn,SNII
0.0,0.5043299794,5,21,ZTF20aclkvjy,SN IIn,SNII
0.046,0.5670411587,4,40,ZTF20acqgklx,SN IIn,SNII
0.0,0.0,1,108,ZTF20acqqdkl,SN IIn,SNII
0.0,0.0,1,56,ZTF20actkulc,SN IIn,SNII
0.0,0.0,1,33,ZTF20acveyyv,SN IIn,SNII
0.0,0.0,2,19,ZTF20acwobku,SN IIn,SNII
0.0,0.0,3,47,ZTF21aagnqnz,SN IIn,SNII
0.0,0.5560256839,6,56,ZTF21aahfjrr,SN IIn,SNII
0.0,0.4446905553,3,88,ZTF21aakupth,SN IIn,SNII
0.0,0.4926592708,2,59,ZTF21aaoqbbw,SN IIn,SNII
0.0,0.0,1,138,ZTF21aaowaxx,SN IIn,SNII
0.0,0.3882078826,2,19,ZTF21aappkns,SN IIn,SNII
0.0,0.0,1,75,ZTF21aaqhqke,SN IIn,SNII
0.046,0.4746835232,7,74,ZTF21aaradzm,SN IIn,SNII
0.046,0.6565956473,5,45,ZTF21aarcobt,SN IIn,SNII
0.046,0.5559766889,9,64,ZTF21aautijg,SN IIn,SNII
0.0,0.5124337077,2,194,ZTF21aavuqzr,SN IIn,SNII
0.0,0.0,1,195,ZTF21aaxtije,SN IIn,SNII
0.0,0.0,1,29,ZTF21aaydxoo,SN IIn,SNII
0.0,0.4872252643,5,131,ZTF21aaygmrl,SN IIn,SNII
0.0,0.0,1,87,ZTF21aazgkjf,SN IIn,SNII
0.0,0.0,73,324,ZTF21abccdld,SN IIn,SNII
0.0,0.0,1,83,ZTF21abebgfr,SN IIn,SNII
0.0,0.4731074572,12,82,ZTF21abghumo,SN IIn,SNII
0.103,0.7063069344,17,102,ZTF21abgjldn,SN IIn,SNII
0.0,0.5850509405,2,103,ZTF21abhibro,SN IIn,SNII
0.0,0.5221843123,6,32,ZTF21abhqqfa,SN IIn,SNII
0.046,0.5888909698,4,50,ZTF21abjhiqp,SN IIn,SNII
0.0,0.0,2,50,ZTF21abpmlxu,SN IIn,SNII
0.0,0.0,1,88,ZTF21abpxquj,SN IIn,SNII
0.0,0.0,1,44,ZTF21abtorlk,SN IIn,SNII
0.0,0.0,7,64,ZTF21abujgmr,SN IIn,SNII
0.046,0.555623889,13,60,ZTF21abxlmuw,SN IIn,SNII
0.0,0.0,1,83,ZTF21accgsbf,SN IIn,SNII
0.0,0.0,1,28,ZTF21acckcni,SN IIn,SNII
0.0,0.0,6,103,ZTF22aadesjc,SN IIn,SNII
0.0,0.423383832,3,131,ZTF22aaetqzk,SN IIn,SNII
0.0,0.0,2,13,ZTF22aafnzvd,SN IIn,SNII
0.0,0.0,1,44,ZTF22aagvtzz,SN IIn,SNII
0.0,0.3279426098,4,75,ZTF22aagvxjc,SN IIn,SNII
0.0,0.0,1,12,ZTF22aahedwz,SN IIn,SNII
0.0,0.5334221125,6,39,ZTF22aajcupz,SN IIn,SNII
0.0,0.5312670469,10,94,ZTF22aanesux,SN IIn,SNII
0.0,0.5053064823,2,154,ZTF22aanjyae,SN IIn,SNII
0.0,0.0,1,232,ZTF22aanwibf,SN IIn,SNII
0.0,0.5722523332,11,55,ZTF22aaohilj,SN IIn,SNII
0.0,0.4597668052,3,142,ZTF22aapkbkl,SN IIn,SNII
0.0,0.0,1,14,ZTF22aapmawo,SN IIn,SNII
0.0,0.0,1,56,ZTF22aarrawv,SN IIn,SNII
0.0,0.0,10,80,ZTF22aasoali,SN IIn,SNII
0.0,0.3799629807,3,68,ZTF22aatfjcy,SN IIn,SNII
0.0,0.5151520371,3,67,ZTF22aawfeov,SN IIn,SNII
0.0,0.5847929716,4,32,ZTF22aazbxmi,SN IIn,SNII
0.0,0.0,2,29,ZTF22abeyzcl,SN IIn,SNII
0.0,0.2936436832,3,110,ZTF22abfnfud,SN IIn,SNII
0.0,0.0,1,20,ZTF22abfyvhf,SN IIn,SNII
0.0,0.5897457004,6,63,ZTF22abghrui,SN IIn,SNII
0.0,0.6589422226,11,58,ZTF22abizuah,SN IIn,SNII
0.0,0.0,2,21,ZTF22abqseiq,SN IIn,SNII
0.0,0.5181574821,2,84,ZTF22abtcpig,SN IIn,SNII
0.0,0.6631320119,8,49,ZTF22abtsypf,SN IIn,SNII
0.0,0.0,1,100,ZTF23aaabzea,SN IIn,SNII
0.0,0.0,1,16,ZTF23aaarwbd,SN IIn,SNII
0.0,0.0,6,20,ZTF23aablgzj,SN IIn,SNII
0.0,0.0,2,32,ZTF23aadtvmb,SN IIn,SNII
0.0,0.510690093,2,52,ZTF23aaecexq,SN IIn,SNII
0.0,0.5168804526,2,62,ZTF23aajjzbm,SN IIn,SNII
0.0,0.5100403428,2,47,ZTF23aajkisd,SN IIn,SNII
0.0,0.4299536347,3,151,ZTF23aalgqsq,SN IIn,SNII
0.0,0.5727981925,3,31,ZTF23aansdlc,SN IIn,SNII
0.0,0.5179509521,3,80,ZTF23aapsuva,SN IIn,SNII
0.0,0.0,1,66,ZTF23aaquolj,SN IIn,SNII
0.0,0.0,1,55,ZTF23aatdcey,SN IIn,SNII
0.0,0.4336003661,3,47,ZTF23aavmthe,SN IIn,SNII
0.0,0.5620086789,6,52,ZTF23aavtugd,SN IIn,SNII
0.0,0.6080549955,2,35,ZTF23aavvckk,SN IIn,SNII
0.233,0.6795142889,5,29,ZTF23aaxldkr,SN IIn,SNII
0.0,0.0,1,25,ZTF23abfglcy,SN IIn,SNII
0.0,0.3607590497,2,46,ZTF23abgnxri,SN IIn,SNII
0.0,0.6847749352,17,49,ZTF23abjhwem,SN IIn,SNII
0.0,0.4832023084,6,27,ZTF23abjikaf,SN IIn,SNII
0.0,0.0,1,56,ZTF23abjvuwc,SN IIn,SNII
0.0,0.533059299,4,17,ZTF23absdibx,SN IIn,SNII
0.0,0.0,8,121,ZTF24aaabljq,SN IIn,SNII
0.0,0.523350656,2,80,ZTF24aafqxmg,SN IIn,SNII
0.0,0.0,1,27,ZTF24aahdfdo,SN IIn,SNII
0.0,0.0,2,77,ZTF24aaifila,SN IIn,SNII
0.0,0.0,2,66,ZTF24aaisnlp,SN IIn,SNII
0.0,0.4798560143,10,36,ZTF24aaleeji,SN IIn,SNII
0.0,0.5858144164,4,79,ZTF24aatjphv,SN IIn,SNII
0.0,0.6221142411,20,126,ZTF24aayqrow,SN IIn,SNII
0.0,0.5864016414,2,21,ZTF24abkpuna,SN IIn,SNII
0.0,0.0,3,76,ZTF24abpiwwi,SN IIn,SNII
0.0,0.0,1,27,ZTF24abrumcf,SN IIn,SNII
0.0,0.4874051213,2,21,ZTF24abuvlqg,SN IIn,SNII
0.0,0.0,5,28,ZTF24abxpkhb,SN IIn,SNII
0.0,0.0,3,17,ZTF25aafofmu,SN IIn,SNII
0.0,0.0,1,76,ZTF25aagbrpb,SN IIn,SNII
0.0,0.0,5,216,ZTF25aagtjfn,SN IIn,SNII
0.0,0.0,1,101,ZTF25aapsisw,SN IIn,SNII
0.0,0.0,8,27,ZTF25aaqqfkv,SN IIn,SNII
0.0,0.0,1,109,ZTF25abbzfjz,SN IIn,SNII
0.0,0.0,1,67,ZTF25abcznka,SN IIn,SNII
0.0,0.0,6,16,ZTF25abgvdwu,SN IIn,SNII
0.0,0.0,10,58,ZTF25abjjlgl,SN IIn,SNII
0.0,0.0,1,27,ZTF25abpzwne,SN IIn,SNII
0.0,0.0,1,36,ZTF25abxqslz,SN IIn,SNII
0.0,0.0,2,24,ZTF25acgorke,SN IIn,SNII
0.0,0.0,74,37,ZTF18aapifti,SN IIP,SNII
0.0,0.0,4,32,ZTF18aaszvfn,SN IIP,SNII
0.0,0.0,147,1,ZTF18abfzixe,SN IIP,SNII
0.0,0.0,143,108,ZTF18accnmri,SN IIP,SNII
0.0,0.0,8,25,ZTF18adowxvg,SN IIP,SNII
0.0,0.0,255,25,ZTF19aavjzrz,SN IIP,SNII
0.0,0.0682676658,50,8,ZTF19abqyoxj,SN IIP,SNII
0.0,0.2195252627,24,2,ZTF19abzgdfu,SN IIP,SNII
0.0,0.83675313,27,32,ZTF19acbhvgi,SN IIP,SNII
0.046,0.6848905087,10,11,ZTF19aceckht,SN IIP,SNII
0.0,0.2986218333,27,26,ZTF19acftfav,SN IIP,SNII
0.046,0.732177794,5,6,ZTF19achjqbk,SN IIP,SNII
0.0,0.0,1,9,ZTF19actfxcd,SN IIP,SNII
0.0,0.5801285505,2,10,ZTF20aaspvan,SN IIP,SNII
0.0,0.0,10,41,ZTF20abwftit,SN IIP,SNII
0.0,0.0,1,158,ZTF20abxmwwd,SN IIP,SNII
0.0,0.0,10,125,ZTF20accmutv,SN IIP,SNII
0.0,0.0,4,137,ZTF20acfkzcg,SN IIP,SNII
0.084,0.7194157839,15,40,ZTF20acngnrs,SN IIP,SNII
0.0,0.0,1,8,ZTF20acprmuv,SN IIP,SNII
0.0,0.43774876,7,16,ZTF21aaabwem,SN IIP,SNII
0.0,0.4106897116,2,37,ZTF21aajgdeu,SN IIP,SNII
0.0,0.5576340556,2,64,ZTF21aakvroo,SN IIP,SNII
0.0,0.0,1,95,ZTF21acceboj,SN IIP,SNII
0.0,0.0,1,14,ZTF21acheiti,SN IIP,SNII
0.0,0.0,1,21,ZTF21aciobmz,SN IIP,SNII
0.0,0.0,1,13,ZTF21acjxiqw,SN IIP,SNII
0.0,0.0,1,33,ZTF22aaijrci,SN IIP,SNII
0.0,0.0,1,46,ZTF22aajivyw,SN IIP,SNII
0.0,0.0,4,138,ZTF22aapqaqe,SN IIP,SNII
0.0,0.0,1,30,ZTF22abhsxph,SN IIP,SNII
0.0,0.0,5,25,ZTF22abykdbm,SN IIP,SNII
0.0,0.0,1,25,ZTF23aaelqpq,SN IIP,SNII
0.0,0.0,1,42,ZTF23abawdgm,SN IIP,SNII
0.0,0.5571393967,12,49,ZTF23abjrdem,SN IIP,SNII
0.0,0.0,1,50,ZTF23abkhajf,SN IIP,SNII
0.0,0.3729179502,3,11,ZTF23absirul,SN IIP,SNII
0.0,0.0,5,9,ZTF24aaejjps,SN IIP,SNII
0.0,0.0,2,40,ZTF24aahewml,SN IIP,SNII
0.0,0.0,1,30,ZTF24aaibcrw,SN IIP,SNII
0.0,0.0,3,84,ZTF24abljlku,SN IIP,SNII
0.0,0.0,1,28,ZTF24abqlxaf,SN IIP,SNII
0.0,0.0,1,119,ZTF25abbslda,SN IIP,SNII
0.0,0.0,1,32,ZTF25abwjmwj,SN IIP,SNII
0.0,0.0,4,47,ZTF18aahatvc,SN Ia-91T,SNIa
0.0,0.0,208,241,ZTF18aapictz,SN Ia-91T,SNIa
0.0,0.0,26,13,ZTF18aavrmlf,SN Ia-91T,SNIa
0.0,0.0,2,16,ZTF18abfcsjs,SN Ia-91T,SNIa
0.0,0.60160923,3,32,ZTF18abhgrff,SN Ia-91T,SNIa
0.0,0.0,28,111,ZTF18accngee,SN Ia-91T,SNIa
0.0,0.0,20,1,ZTF18acmvcme,SN Ia-91T,SNIa
0.0,0.0794107094,115,34,ZTF19abqrrto,SN Ia-91T,SNIa
0.0,0.8772168159,23,1,ZTF19abzvvkb,SN Ia-91T,SNIa
0.046,0.6740183234,10,7,ZTF19acgemqj,SN Ia-91T,SNIa
0.046,0.7315664291,6,4,ZTF19achjpyc,SN Ia-91T,SNIa
0.046,0.6807340384,5,8,ZTF19acigkma,SN Ia-91T,SNIa
0.0,0.564366281,2,17,ZTF19acordoi,SN Ia-91T,SNIa
0.0,0.0,9,7,ZTF19acxxwiz,SN Ia-91T,SNIa
0.178,0.558878839,19,7,ZTF20aaiaaoi,SN Ia-91T,SNIa
0.046,0.7107201219,5,19,ZTF20aakodiq,SN Ia-91T,SNIa
0.242,0.6936534643,9,10,ZTF20aamfpcj,SN Ia-91T,SNIa
0.0,0.4281434417,8,6,ZTF20aaosoct,SN Ia-91T,SNIa
0.0,0.0,1,16,ZTF20abkrwdu,SN Ia-91T,SNIa
0.0,0.0,1,44,ZTF20abvqibv,SN Ia-91T,SNIa
0.0,0.5729213953,3,36,ZTF20acbttnt,SN Ia-91T,SNIa
0.0,0.6081693769,2,22,ZTF20achrklb,SN Ia-91T,SNIa
0.0,0.0,1,37,ZTF20acobxlz,SN Ia-91T,SNIa
0.0,0.0,6,12,ZTF20acopmey,SN Ia-91T,SNIa
0.0,0.0,1,26,ZTF20acpwjus,SN Ia-91T,SNIa
0.0,0.5360841155,2,15,ZTF20acqfssi,SN Ia-91T,SNIa
0.0,0.0,2,27,ZTF20acwnrty,SN Ia-91T,SNIa
0.0,0.45321998,2,35,ZTF20aczgoml,SN Ia-91T,SNIa
0.0,0.0,1,28,ZTF21aaahliy,SN Ia-91T,SNIa
0.046,0.6135455966,8,39,ZTF21aaahyjj,SN Ia-91T,SNIa
0.0,0.0,6,15,ZTF21aagpbkj,SN Ia-91T,SNIa
0.0,0.0,4,21,ZTF21aagtqgz,SN Ia-91T,SNIa
0.0,0.0,1,11,ZTF21aagxmfv,SN Ia-91T,SNIa
0.0,0.0,1,21,ZTF21aajtsba,SN Ia-91T,SNIa
0.0,0.5309867263,2,50,ZTF21aamucom,SN Ia-91T,SNIa
0.0,0.603976965,10,26,ZTF21aanrvcq,SN Ia-91T,SNIa
0.0,0.0,2,24,ZTF21aapjmpq,SN Ia-91T,SNIa
0.0,0.0,3,28,ZTF21aapvxnf,SN Ia-91T,SNIa
0.0,0.5052194595,2,22,ZTF21aatnxwt,SN Ia-91T,SNIa
0.0,0.0,1,70,ZTF21aauapli,SN Ia-91T,SNIa
0.0,0.0,1,25,ZTF21aavhlok,SN Ia-91T,SNIa
0.0,0.0,1,26,ZTF21aaxtrlt,SN Ia-91T,SNIa
0.0,0.0,2,53,ZTF21abbxdcm,SN Ia-91T,SNIa
0.046,0.5430873632,4,22,ZTF21abegynu,SN Ia-91T,SNIa
0.0,0.5239112377,3,47,ZTF21abfflmp,SN Ia-91T,SNIa
0.0,0.0,3,33,ZTF21abhshmt,SN Ia-91T,SNIa
0.0,0.0,1,26,ZTF21abienbe,SN Ia-91T,SNIa
0.0,0.0,4,53,ZTF21abqsysj,SN Ia-91T,SNIa
0.0,0.0,6,26,ZTF21abujefa,SN Ia-91T,SNIa
0.0,0.0,1,25,ZTF21acdalyp,SN Ia-91T,SNIa
0.0,0.6450974345,8,13,ZTF21acfccil,SN Ia-91T,SNIa
0.0,0.5299525261,2,9,ZTF21acfqldh,SN Ia-91T,SNIa
0.0,0.4204368889,4,17,ZTF21acgyciq,SN Ia-91T,SNIa
0.0,0.0,2,12,ZTF21achaxze,SN Ia-91T,SNIa
0.0,0.4273419678,3,16,ZTF21achcwnd,SN Ia-91T,SNIa
0.0,0.0,1,18,ZTF21achdxdn,SN Ia-91T,SNIa
0.0,0.4727960527,3,26,ZTF22aaettxg,SN Ia-91T,SNIa
0.0,0.0,1,39,ZTF22aahhvqj,SN Ia-91T,SNIa
0.0,0.5266295671,2,35,ZTF22aaijnqy,SN Ia-91T,SNIa
0.0,0.0,1,41,ZTF22aakndny,SN Ia-91T,SNIa
0.0,0.5693342686,3,35,ZTF22aalizik,SN Ia-91T,SNIa
0.0,0.5584737659,3,22,ZTF22aalpfln,SN Ia-91T,SNIa
0.0,0.7215994,50,6,ZTF22aasppdz,SN Ia-91T,SNIa
0.0,0.5251489282,2,38,ZTF22aaznbmz,SN Ia-91T,SNIa
0.0,0.5555387735,4,53,ZTF22abegjkl,SN Ia-91T,SNIa
0.0,0.0,1,30,ZTF22abghdno,SN Ia-91T,SNIa
0.0,0.0,5,26,ZTF22abmygmc,SN Ia-91T,SNIa
0.0,0.0,1,9,ZTF22abnehge,SN Ia-91T,SNIa
0.0,0.3838041723,3,32,ZTF22abnfsjo,SN Ia-91T,SNIa
0.0,0.0,1,14,ZTF22abnxovx,SN Ia-91T,SNIa
0.0,0.6685084105,30,9,ZTF22aboapcj,SN Ia-91T,SNIa
0.0,0.0,2,14,ZTF22absygcs,SN Ia-91T,SNIa
0.0,0.5762991309,2,12,ZTF22abubrek,SN Ia-91T,SNIa
0.0,0.0,1,13,ZTF22abynlvk,SN Ia-91T,SNIa
0.0,0.0,1,20,ZTF23aadjpsn,SN Ia-91T,SNIa
0.0,0.0,1,21,ZTF23aadvpwt,SN Ia-91T,SNIa
0.0,0.0,2,21,ZTF23aaeieqk,SN Ia-91T,SNIa
0.0,0.0,1,60,ZTF23aaghvsv,SN Ia-91T,SNIa
0.0,0.0,5,32,ZTF23aakprat,SN Ia-91T,SNIa
0.233,0.6394126415,4,51,ZTF23aaynddf,SN Ia-91T,SNIa
0.0,0.5663063526,2,31,ZTF23abankfn,SN Ia-91T,SNIa
0.0,0.0,4,9,ZTF23abauieq,SN Ia-91T,SNIa
0.0,0.7355751395,39,92,ZTF23abcvqkd,SN Ia-91T,SNIa
0.0,0.4440247118,2,32,ZTF23abffvrm,SN Ia-91T,SNIa
0.0,0.0,2,51,ZTF23abjxqwr,SN Ia-91T,SNIa
0.0,0.0,2,9,ZTF23abofyzh,SN Ia-91T,SNIa
0.0,0.6011015773,4,18,ZTF23abqbpob,SN Ia-91T,SNIa
0.0,0.0,1,20,ZTF23abvbwys,SN Ia-91T,SNIa
0.0,0.0,3,85,ZTF24aaheeel,SN Ia-91T,SNIa
0.0,0.0,6,14,ZTF24aahnnsa,SN Ia-91T,SNIa
0.0,0.0,1,8,ZTF24aaiaaxr,SN Ia-91T,SNIa
0.0,0.0,3,13,ZTF24aaosmwq,SN Ia-91T,SNIa
0.0,0.7370119691,7,23,ZTF24aaqzycc,SN Ia-91T,SNIa
0.0,0.180630967,5,7,ZTF24abqqoxy,SN Ia-91T,SNIa
0.0,0.6642798185,5,10,ZTF24abzsmux,SN Ia-91T,SNIa
0.0,0.0,1,11,ZTF25aaqgddb,SN Ia-91T,SNIa
0.0,0.5917090178,4,21,ZTF25aaudpzv,SN Ia-91T,SNIa
0.0,0.5505526066,2,56,ZTF25aawterb,SN Ia-91T,SNIa
0.0,0.0,1,50,ZTF25abuvoav,SN Ia-91T,SNIa
0.0,0.0,2,30,ZTF25acgqggy,SN Ia-91T,SNIa
0.0,0.0,2,33,ZTF25acgqhjx,SN Ia-91T,SNIa
0.0,0.0,6,17,ZTF20abegopd,SN Ia-91bg,SNIa
0.0,0.0,1,8,ZTF20abjapav,SN Ia-91bg,SNIa
0.0,0.0,1,12,ZTF20acgkuay,SN Ia-91bg,SNIa
0.0,0.0,1,11,ZTF20acvbrbv,SN Ia-91bg,SNIa
0.0,0.0,1,9,ZTF21aawihwx,SN Ia-91bg,SNIa
0.0,0.0,1,13,ZTF21abulrsl,SN Ia-91bg,SNIa
0.0,0.0,6,9,ZTF21abyguqw,SN Ia-91bg,SNIa
0.0,0.0,2,18,ZTF21acincqb,SN Ia-91bg,SNIa
0.0,0.3448707163,5,12,ZTF22aajjdkr,SN Ia-91bg,SNIa
0.0,0.0,1,10,ZTF22aakejxf,SN Ia-91bg,SNIa
0.0,0.0,1,17,ZTF22abfwihc,SN Ia-91bg,SNIa
0.0,0.0,2,13,ZTF22abmdqzf,SN Ia-91bg,SNIa
0.0,0.0,5,11,ZTF22abtcsar,SN Ia-91bg,SNIa
0.0,0.5591289401,6,15,ZTF22abunjts,SN Ia-91bg,SNIa
0.0,0.0,6,7,ZTF22abveefy,SN Ia-91bg,SNIa
0.0,0.5255474448,12,10,ZTF23aafgazi,SN Ia-91bg,SNIa
0.0,0.4181339741,3,16,ZTF23ablrwcj,SN Ia-91bg,SNIa
0.0,0.455341965,3,10,ZTF25aacaoby,SN Ia-91bg,SNIa
0.0,0.0,185,5,ZTF19aawfbtg,SLSN-I,SLSN
0.0,0.0,273,25,ZTF19abfvnns,SLSN-I,SLSN
0.0,0.7677311301,322,10,ZTF19abpbopt,SLSN-I,SLSN
0.0,0.3222889006,26,1,ZTF19abxgmzr,SLSN-I,SLSN
0.0,0.3364637196,252,9,ZTF19acbonaa,SLSN-I,SLSN
0.07,0.0,8,15,ZTF19acfwynw,SLSN-I,SLSN
0.0,0.6010106206,3,18,ZTF19acgjpgh,SLSN-I,SLSN
0.046,0.6148116589,9,36,ZTF19ackjrru,SLSN-I,SLSN
0.0,0.0,1,41,ZTF19adaivcf,SLSN-I,SLSN
0.217,0.5170405507,19,5,ZTF20aahbfmf,SLSN-I,SLSN
0.19,0.7205243707,10,10,ZTF20aaifybu,SLSN-I,SLSN
0.0,0.0,2,33,ZTF20aattyuz,SLSN-I,SLSN
0.0,0.2551501691,9,61,ZTF20aayprqz,SLSN-I,SLSN
0.0,0.5261220932,2,123,ZTF20abobpcb,SLSN-I,SLSN
0.0,0.5762472749,2,58,ZTF20abpuwxl,SLSN-I,SLSN
0.046,0.5748462081,7,266,ZTF20acphdcg,SLSN-I,SLSN
0.046,0.4460571706,4,64,ZTF20acpyldh,SLSN-I,SLSN
0.0,0.4015181661,3,35,ZTF21aaarmti,SLSN-I,SLSN
0.0,0.6266382337,6,77,ZTF21aagpymw,SLSN-I,SLSN
0.146,0.5561646223,9,37,ZTF21aalhtgv,SLSN-I,SLSN
0.0,0.5161072016,3,40,ZTF21aavdqgf,SLSN-I,SLSN
0.0,0.0,1,62,ZTF21abbqeea,SLSN-I,SLSN
0.0,0.5258862376,15,52,ZTF21abcpsjy,SLSN-I,SLSN
0.046,0.4013090134,5,49,ZTF21abrqria,SLSN-I,SLSN
0.046,0.5587649345,6,43,ZTF21absyjff,SLSN-I,SLSN
0.0,0.5449950695,2,29,ZTF21accwovq,SLSN-I,SLSN
0.0,0.0,1,41,ZTF22aadeuwu,SLSN-I,SLSN
0.0,0.0,4,11,ZTF22aadqgoa,SLSN-I,SLSN
0.0,0.0,10,40,ZTF22aakyeps,SLSN-I,SLSN
0.0,0.7620158195,28,34,ZTF22aarqrxf,SLSN-I,SLSN
0.0,0.5424892902,27,40,ZTF22abcvfgs,SLSN-I,SLSN
0.0,0.5681577325,5,21,ZTF22abkbmob,SLSN-I,SLSN
0.0,0.468832314,4,19,ZTF22abvcnnl,SLSN-I,SLSN
0.0,0.4628296196,3,28,ZTF23aaccacy,SLSN-I,SLSN
0.0,0.0,2,39,ZTF23aazodoj,SLSN-I,SLSN
0.0,0.4268015027,3,14,ZTF23abjhbcr,SLSN-I,SLSN
0.0,0.0,1,17,ZTF23abvokyz,SLSN-I,SLSN
0.0,0.6326525211,4,66,ZTF24aacrbua,SLSN-I,SLSN
0.0,0.0,1,50,ZTF24aadfmaf,SLSN-I,SLSN
0.0,0.6312444806,4,65,ZTF24aagfeti,SLSN-I,SLSN
0.0,0.0,3,13,ZTF24aagterj,SLSN-I,SLSN
0.0,0.0,1,63,ZTF24aaysowl,SLSN-I,SLSN
0.0,0.4246648252,4,40,ZTF24abtmueg,SLSN-I,SLSN
0.0,0.0,1,22,ZTF25aajbcmc,SLSN-I,SLSN
0.0,0.0,1,32,ZTF25aanxtou,SLSN-I,SLSN
0.0,0.0,1,65,ZTF25aaxegmh,SLSN-I,SLSN
0.0,0.0,1,61,ZTF25abixhdc,SLSN-I,SLSN
0.0,0.6166318059,7,30,ZTF25abmjfcf,SLSN-I,SLSN
0.0,0.4498297274,4,24,ZTF25abxfsza,SLSN-I,SLSN
0.0,0.6037024856,2,43,ZTF25acemaph,SLSN-I,SLSN
0.0,0.0,58,17,ZTF17aaazdba,TDE,TDE
0.0,0.0,215,1,ZTF19aapreis,TDE,TDE
0.0,0.0,223,3,ZTF19aarioci,TDE,TDE
0.0,0.8362495899,26,26,ZTF19abzrhgq,TDE,TDE
0.0,0.0,1,7,ZTF20aabqihu,TDE,TDE
0.0,0.0,1,217,ZTF20abfcszi,TDE,TDE
0.0,0.5853860378,2,17,ZTF20abgwfek,TDE,TDE
0.0,0.0,25,23,ZTF20acaazkt,TDE,TDE
0.046,0.0,6,23,ZTF20acitpfz,TDE,TDE
0.0,0.6211106777,5,82,ZTF20acnznms,TDE,TDE
0.066,0.5746592879,11,79,ZTF21abcgnqn,TDE,TDE
0.0,0.4375280142,3,26,ZTF21abhrchb,TDE,TDE
0.0,0.0,1,33,ZTF21abjrysr,TDE,TDE
0.0,0.5271892548,2,36,ZTF21abqtckk,TDE,TDE
0.046,0.6430318952,16,37,ZTF21abxngcz,TDE,TDE
0.0,0.4902983606,3,13,ZTF22aagvrlq,TDE,TDE
0.0,0.0,2,22,ZTF22aagyuao,TDE,TDE
0.0,0.0,1,31,ZTF22aavvqyh,TDE,TDE
0.0,0.0,3,91,ZTF22abegjtx,TDE,TDE
0.0,0.6289067268,3,48,ZTF22abkfhua,TDE,TDE
0.0,0.0,1,51,ZTF23aapyidj,TDE,TDE
0.0,0.0,1,9,ZTF23aaqdjhi,TDE,TDE
0.0,0.5797126293,2,8,ZTF24aajvvhj,TDE,TDE
0.0,0.0,9,29,ZTF24abjfuew,TDE,TDE
0.0,0.0,2,52,ZTF24abmybnp,TDE,TDE
0.0,0.2794952691,4,22,ZTF24abyhjvc,TDE,TDE
0.0,0.0,1,17,ZTF25aajfjhm,TDE,TDE
0.0,0.0,1,103,ZTF25aaymnha,TDE,TDE
